Workbook

Sheet MonthlyMetric
A1: Tutor Name | B1: Date Range | C1: % to Delivery Target | D1: % to Availability Target | E1: % Sessions on Time | F1: % Parents Updates Done on Time | G1: % of Active Students with Progress Updates Completed in last 2 months | H1: Weighted Repurchases | I1: OLD PPW | J1: Ratio of PPW Events with Attached PPWs | K1: Tier | L1: Adjunct/Professional | M1: Faculty Leader
A2: Aaron Schneberger | B2: 10/5/25 - 11/1/25 | C2: 1.2813 | D2: 1.1602 | E2: 1 | F2: 1 | G2: 0.90909091 | H2: 3 | I2: 2/4 | J2: 0.5 | K2: =VLOOKUP(A2,MonthlyMetricFullData!A:D,2,FALSE) -> Distinguished | L2: =IF(VLOOKUP(A2,MonthlyMetricFullData!A:E,5,FALSE)<30,"Adjunct","Professional") -> Professional | M2: =VLOOKUP(A2,MonthlyMetricFullData!A:D,3,FALSE) -> Ian Plamondon
A3: Aaron Schneberger | B3: 11/2/25 - 11/29/25 | C3: 0.76 | D3: 0.78 | E3: 1 | F3: 1 | G3: 0.91 | H3: 1 | K3: =VLOOKUP(A3,MonthlyMetricFullData!A:D,2,FALSE) -> Distinguished | L3: =IF(VLOOKUP(A3,MonthlyMetricFullData!A:E,5,FALSE)<30,"Adjunct","Professional") -> Professional | M3: =VLOOKUP(A3,MonthlyMetricFullData!A:D,3,FALSE) -> Ian Plamondon
A4: Aaron Schneberger | B4: 2/22/26 - 3/21/26 | C4: 0 | D4: 0 | E4: 0 | F4: 0 | G4: 0 | H4: 0 | I4: 0/0 | J4: 0 | K4: =VLOOKUP(A4,MonthlyMetricFullData!A:D,2,FALSE) -> Distinguished | L4: =IF(VLOOKUP(A4,MonthlyMetricFullData!A:E,5,FALSE)<30,"Adjunct","Professional") -> Professional | M4: =VLOOKUP(A4,MonthlyMetricFullData!A:D,3,FALSE) -> Ian Plamondon
A5: Aaron Schneberger | B5: 3/22/26 - 4/18/26 | C5: 0.5042 | D5: 0.9441 | E5: 1 | F5: 0.676 | H5: 1 | I5: 11/16 | J5: 0.69 | K5: =VLOOKUP(A5,MonthlyMetricFullData!A:D,2,FALSE) -> Distinguished | L5: =IF(VLOOKUP(A5,MonthlyMetricFullData!A:E,5,FALSE)<30,"Adjunct","Professional") -> Professional | M5: =VLOOKUP(A5,MonthlyMetricFullData!A:D,3,FALSE) -> Ian Plamondon
A6: Aaron Schneberger | B6: 5/18/25 - 6/14/25 | C6: 0.74 | D6: 0.9 | E6: 0.99 | F6: 1 | G6: 1 | H6: 10 | I6: 1 | J6: =I6 -> 1 | K6: =VLOOKUP(A6,MonthlyMetricFullData!A:D,2,FALSE) -> Distinguished | L6: =IF(VLOOKUP(A6,MonthlyMetricFullData!A:E,5,FALSE)<30,"Adjunct","Professional") -> Professional | M6: =VLOOKUP(A6,MonthlyMetricFullData!A:D,3,FALSE) -> Ian Plamondon
A7: Aaron Schneberger | B7: 6/15/25 - 7/12/25 | C7: 0.5 | D7: 0.81 | E7: 1 | F7: 0.93 | G7: 0.7 | H7: 2 | I7: 2/3 | J7: 0.67 | K7: =VLOOKUP(A7,MonthlyMetricFullData!A:D,2,FALSE) -> Distinguished | L7: =IF(VLOOKUP(A7,MonthlyMetricFullData!A:E,5,FALSE)<30,"Adjunct","Professional") -> Professional | M7: =VLOOKUP(A7,MonthlyMetricFullData!A:D,3,FALSE) -> Ian Plamondon
A8: Aaron Schneberger | B8: 7/13/25 - 8/10/25 | C8: 0.48 | D8: 0.5 | E8: 1 | F8: 1 | G8: 0.71 | H8: 3 | I8: 1 | J8: =I8 -> 1 | K8: =VLOOKUP(A8,MonthlyMetricFullData!A:D,2,FALSE) -> Distinguished | L8: =IF(VLOOKUP(A8,MonthlyMetricFullData!A:E,5,FALSE)<30,"Adjunct","Professional") -> Professional | M8: =VLOOKUP(A8,MonthlyMetricFullData!A:D,3,FALSE) -> Ian Plamondon
A9: Aaron Schneberger | B9: 8/10/25 - 9/6/25 | C9: 1.2 | D9: 1.24 | E9: 1 | F9: 1 | G9: 1 | H9: 4 | K9: =VLOOKUP(A9,MonthlyMetricFullData!A:D,2,FALSE) -> Distinguished | L9: =IF(VLOOKUP(A9,MonthlyMetricFullData!A:E,5,FALSE)<30,"Adjunct","Professional") -> Professional | M9: =VLOOKUP(A9,MonthlyMetricFullData!A:D,3,FALSE) -> Ian Plamondon
A10: Aaron Schneberger | B10: 9/7/25 - 10/4/25 | C10: 1.06 | D10: 1.1 | E10: 1 | F10: 0.97 | G10: 0.82 | H10: 6 | I10: 1/1 | J10: 1 | K10: =VLOOKUP(A10,MonthlyMetricFullData!A:D,2,FALSE) -> Distinguished | L10: =IF(VLOOKUP(A10,MonthlyMetricFullData!A:E,5,FALSE)<30,"Adjunct","Professional") -> Professional | M10: =VLOOKUP(A10,MonthlyMetricFullData!A:D,3,FALSE) -> Ian Plamondon
A11: Akeema Williams | B11: 1/25/26 - 2/21/26 | C11: 1.0875 | D11: 0.9704 | E11: 1 | F11: 0.90291262 | G11: 0.7826087 | H11: 16 | I11: 2/4 | J11: 0.5 | K11: =VLOOKUP(A11,MonthlyMetricFullData!A:D,2,FALSE) -> Distinguished | L11: =IF(VLOOKUP(A11,MonthlyMetricFullData!A:E,5,FALSE)<30,"Adjunct","Professional") -> Professional | M11: =VLOOKUP(A11,MonthlyMetricFullData!A:D,3,FALSE) -> Ian Plamondon
A12: Akeema Williams | B12: 10/5/25 - 11/1/25 | C12: 1.0917 | D12: 1.1118 | E12: 0.99259259 | F12: 0.97916667 | G12: 0.96153846 | H12: 14 | I12: 6/10 | J12: 0.6 | K12: =VLOOKUP(A12,MonthlyMetricFullData!A:D,2,FALSE) -> Distinguished | L12: =IF(VLOOKUP(A12,MonthlyMetricFullData!A:E,5,FALSE)<30,"Adjunct","Professional") -> Professional | M12: =VLOOKUP(A12,MonthlyMetricFullData!A:D,3,FALSE) -> Ian Plamondon
A13: Akeema Williams | B13: 11/2/25 - 11/29/25 | C13: 0.93 | D13: 0.96 | E13: 0.99 | F13: 0.97 | G13: 0.76 | H13: 11 | I13: 45664 | J13: 0.0014285714 | K13: =VLOOKUP(A13,MonthlyMetricFullData!A:D,2,FALSE) -> Distinguished | L13: =IF(VLOOKUP(A13,MonthlyMetricFullData!A:E,5,FALSE)<30,"Adjunct","Professional") -> Professional | M13: =VLOOKUP(A13,MonthlyMetricFullData!A:D,3,FALSE) -> Ian Plamondon
A14: Akeema Williams | B14: 11/30/25 - 12/27/25 | C14: 0.98 | D14: 0.98 | E14: 1 | F14: 0.95 | G14: 0.9 | H14: 19 | K14: =VLOOKUP(A14,MonthlyMetricFullData!A:D,2,FALSE) -> Distinguished | L14: =IF(VLOOKUP(A14,MonthlyMetricFullData!A:E,5,FALSE)<30,"Adjunct","Professional") -> Professional | M14: =VLOOKUP(A14,MonthlyMetricFullData!A:D,3,FALSE) -> Ian Plamondon
A15: Akeema Williams | B15: 12/28/25 - 1/25/26 | C15: 0.8958 | D15: 0.903 | E15: 1 | F15: 0.96103896 | G15: 0.95238095 | H15: 16 | I15: 0.8 | J15: =I15 -> 0.8 | K15: =VLOOKUP(A15,MonthlyMetricFullData!A:D,2,FALSE) -> Distinguished | L15: =IF(VLOOKUP(A15,MonthlyMetricFullData!A:E,5,FALSE)<30,"Adjunct","Professional") -> Professional | M15: =VLOOKUP(A15,MonthlyMetricFullData!A:D,3,FALSE) -> Ian Plamondon
A16: Akeema Williams | B16: 2/22/26 - 3/21/26 | C16: 1.01 | D16: 1.01 | E16: 1 | F16: 0.97 | G16: 0.88 | H16: 14 | I16: 0/1 | J16: 0 | K16: =VLOOKUP(A16,MonthlyMetricFullData!A:D,2,FALSE) -> Distinguished | L16: =IF(VLOOKUP(A16,MonthlyMetricFullData!A:E,5,FALSE)<30,"Adjunct","Professional") -> Professional | M16: =VLOOKUP(A16,MonthlyMetricFullData!A:D,3,FALSE) -> Ian Plamondon
A17: Akeema Williams | B17: 3/22/26 - 4/18/26 | C17: 1 | D17: 1.0066 | E17: 0.99115044 | F17: 0.961 | G17: 0.86666667 | H17: 13 | I17: 1/2 | J17: 0.5 | K17: =VLOOKUP(A17,MonthlyMetricFullData!A:D,2,FALSE) -> Distinguished | L17: =IF(VLOOKUP(A17,MonthlyMetricFullData!A:E,5,FALSE)<30,"Adjunct","Professional") -> Professional | M17: =VLOOKUP(A17,MonthlyMetricFullData!A:D,3,FALSE) -> Ian Plamondon
A18: Akeema Williams | B18: 5/18/25 - 6/14/25 | C18: 0.75 | D18: 1.01 | E18: 1 | F18: 1 | G18: 0.9 | H18: 2 | I18: 1/2 | J18: 0.5 | K18: =VLOOKUP(A18,MonthlyMetricFullData!A:D,2,FALSE) -> Distinguished | L18: =IF(VLOOKUP(A18,MonthlyMetricFullData!A:E,5,FALSE)<30,"Adjunct","Professional") -> Professional | M18: =VLOOKUP(A18,MonthlyMetricFullData!A:D,3,FALSE) -> Ian Plamondon
A19: Akeema Williams | B19: 6/15/25 - 7/12/25 | C19: 0.62 | D19: 0.92 | E19: 1 | F19: 0.77 | G19: 0.64 | H19: 2 | I19: 0 | J19: =I19 -> 0 | K19: =VLOOKUP(A19,MonthlyMetricFullData!A:D,2,FALSE) -> Distinguished | L19: =IF(VLOOKUP(A19,MonthlyMetricFullData!A:E,5,FALSE)<30,"Adjunct","Professional") -> Professional | M19: =VLOOKUP(A19,MonthlyMetricFullData!A:D,3,FALSE) -> Ian Plamondon
A20: Akeema Williams | B20: 7/13/25 - 8/10/25 | C20: 0.94 | D20: 0.98 | E20: 0.99 | F20: 1 | G20: 0.46 | H20: 6 | I20: 2/3 | J20: 0.67 | K20: =VLOOKUP(A20,MonthlyMetricFullData!A:D,2,FALSE) -> Distinguished | L20: =IF(VLOOKUP(A20,MonthlyMetricFullData!A:E,5,FALSE)<30,"Adjunct","Professional") -> Professional | M20: =VLOOKUP(A20,MonthlyMetricFullData!A:D,3,FALSE) -> Ian Plamondon
A21: Akeema Williams | B21: 8/10/25 - 9/6/25 | C21: 0.8 | D21: 0.97 | E21: 1 | F21: 0.99 | G21: 0.91 | H21: 10 | I21: 1/3 | J21: 0.33 | K21: =VLOOKUP(A21,MonthlyMetricFullData!A:D,2,FALSE) -> Distinguished | L21: =IF(VLOOKUP(A21,MonthlyMetricFullData!A:E,5,FALSE)<30,"Adjunct","Professional") -> Professional | M21: =VLOOKUP(A21,MonthlyMetricFullData!A:D,3,FALSE) -> Ian Plamondon
A22: Akeema Williams | B22: 9/7/25 - 10/4/25 | C22: 0.96 | D22: 1.01 | E22: 0.99 | F22: 0.97 | G22: 0.74 | H22: 13 | I22: 4/6 | J22: 0.67 | K22: =VLOOKUP(A22,MonthlyMetricFullData!A:D,2,FALSE) -> Distinguished | L22: =IF(VLOOKUP(A22,MonthlyMetricFullData!A:E,5,FALSE)<30,"Adjunct","Professional") -> Professional | M22: =VLOOKUP(A22,MonthlyMetricFullData!A:D,3,FALSE) -> Ian Plamondon
A23: Akshiv Gulati | B23: 1/25/26 - 2/21/26 | C23: 0.2952 | D23: 0.686 | E23: 0.84 | F23: 0.84210526 | G23: 0 | H23: 0 | I23: 1/6 | J23: 0.17 | K23: =VLOOKUP(A23,MonthlyMetricFullData!A:D,2,FALSE) -> #N/A | L23: =IF(VLOOKUP(A23,MonthlyMetricFullData!A:E,5,FALSE)<30,"Adjunct","Professional") -> #N/A | M23: =VLOOKUP(A23,MonthlyMetricFullData!A:D,3,FALSE) -> #N/A
A24: Akshiv Gulati | B24: 2/22/26 - 3/21/26 | C24: 1.04 | D24: 1.16 | E24: 0.97 | F24: 0.88 | G24: 0.29 | H24: 3 | I24: 1/19 | J24: =1/19 -> 0.052631579 | K24: =VLOOKUP(A24,MonthlyMetricFullData!A:D,2,FALSE) -> #N/A | L24: =IF(VLOOKUP(A24,MonthlyMetricFullData!A:E,5,FALSE)<30,"Adjunct","Professional") -> #N/A | M24: =VLOOKUP(A24,MonthlyMetricFullData!A:D,3,FALSE) -> #N/A
A25: Akshiv Gulati | B25: 3/22/26 - 4/18/26 | C25: 0.9143 | D25: 0.8416 | E25: 1 | F25: 0.833 | G25: 0.76923077 | H25: 15 | I25: 2/9 | J25: 0.22 | K25: =VLOOKUP(A25,MonthlyMetricFullData!A:D,2,FALSE) -> #N/A | L25: =IF(VLOOKUP(A25,MonthlyMetricFullData!A:E,5,FALSE)<30,"Adjunct","Professional") -> #N/A | M25: =VLOOKUP(A25,MonthlyMetricFullData!A:D,3,FALSE) -> #N/A
A26: Alex Small | B26: 1/25/26 - 2/21/26 | C26: 1.2188 | D26: 1.4063 | E26: 1 | F26: 0.96551724 | G26: 0.57142857 | H26: 3 | I26: 1/2 | J26: 0.5 | K26: =VLOOKUP(A26,MonthlyMetricFullData!A:D,2,FALSE) -> Premium | L26: =IF(VLOOKUP(A26,MonthlyMetricFullData!A:E,5,FALSE)<30,"Adjunct","Professional") -> Adjunct | M26: =VLOOKUP(A26,MonthlyMetricFullData!A:D,3,FALSE) -> Ela Cross
A27: Alex Small | B27: 10/5/25 - 11/1/25 | C27: 0.9688 | D27: 1.5156 | E27: 1 | F27: 1 | G27: 0.5 | H27: 3 | I27: 1/1 | J27: 1 | K27: =VLOOKUP(A27,MonthlyMetricFullData!A:D,2,FALSE) -> Premium | L27: =IF(VLOOKUP(A27,MonthlyMetricFullData!A:E,5,FALSE)<30,"Adjunct","Professional") -> Adjunct | M27: =VLOOKUP(A27,MonthlyMetricFullData!A:D,3,FALSE) -> Ela Cross
A28: Alex Small | B28: 11/2/25 - 11/29/25 | C28: 0.8 | D28: 1.54 | E28: 1 | F28: 0.9 | G28: 0.88 | H28: 2 | K28: =VLOOKUP(A28,MonthlyMetricFullData!A:D,2,FALSE) -> Premium | L28: =IF(VLOOKUP(A28,MonthlyMetricFullData!A:E,5,FALSE)<30,"Adjunct","Professional") -> Adjunct | M28: =VLOOKUP(A28,MonthlyMetricFullData!A:D,3,FALSE) -> Ela Cross
A29: Alex Small | B29: 11/30/25 - 12/27/25 | C29: 0.35 | D29: 1.4 | E29: 1 | F29: 0.91 | G29: 0.67 | H29: 0 | K29: =VLOOKUP(A29,MonthlyMetricFullData!A:D,2,FALSE) -> Premium | L29: =IF(VLOOKUP(A29,MonthlyMetricFullData!A:E,5,FALSE)<30,"Adjunct","Professional") -> Adjunct | M29: =VLOOKUP(A29,MonthlyMetricFullData!A:D,3,FALSE) -> Ela Cross
A30: Alex Small | B30: 12/28/25 - 1/25/26 | C30: 0.6667 | D30: 1.4531 | E30: 1 | F30: 1 | G30: 0 | H30: 2 | I30: 0/0 | J30: 0 | K30: =VLOOKUP(A30,MonthlyMetricFullData!A:D,2,FALSE) -> Premium | L30: =IF(VLOOKUP(A30,MonthlyMetricFullData!A:E,5,FALSE)<30,"Adjunct","Professional") -> Adjunct | M30: =VLOOKUP(A30,MonthlyMetricFullData!A:D,3,FALSE) -> Ela Cross
A31: Alex Small | B31: 2/22/26 - 3/21/26 | C31: 1.33 | D31: 1.29 | E31: 1 | F31: 1 | G31: 0.57 | H31: 2 | I31: 1/1 | J31: 1 | K31: =VLOOKUP(A31,MonthlyMetricFullData!A:D,2,FALSE) -> Premium | L31: =IF(VLOOKUP(A31,MonthlyMetricFullData!A:E,5,FALSE)<30,"Adjunct","Professional") -> Adjunct | M31: =VLOOKUP(A31,MonthlyMetricFullData!A:D,3,FALSE) -> Ela Cross
A32: Alex Small | B32: 3/22/26 - 4/18/26 | C32: 1.1979 | D32: 1.3125 | E32: 1 | F32: 0.694 | G32: 0.22222222 | H32: 3 | K32: =VLOOKUP(A32,MonthlyMetricFullData!A:D,2,FALSE) -> Premium | L32: =IF(VLOOKUP(A32,MonthlyMetricFullData!A:E,5,FALSE)<30,"Adjunct","Professional") -> Adjunct | M32: =VLOOKUP(A32,MonthlyMetricFullData!A:D,3,FALSE) -> Ela Cross
A33: Alex Small | B33: 5/18/25 - 6/14/25 | C33: 0.31 | D33: 1 | E33: 1 | F33: 0.6 | G33: #N/A | H33: 1 | K33: =VLOOKUP(A33,MonthlyMetricFullData!A:D,2,FALSE) -> Premium | L33: =IF(VLOOKUP(A33,MonthlyMetricFullData!A:E,5,FALSE)<30,"Adjunct","Professional") -> Adjunct | M33: =VLOOKUP(A33,MonthlyMetricFullData!A:D,3,FALSE) -> Ela Cross
A34: Alex Small | B34: 6/15/25 - 7/12/25 | C34: 0 | D34: 0.79 | E34: 0 | F34: 0 | G34: 0 | H34: #N/A | K34: =VLOOKUP(A34,MonthlyMetricFullData!A:D,2,FALSE) -> Premium | L34: =IF(VLOOKUP(A34,MonthlyMetricFullData!A:E,5,FALSE)<30,"Adjunct","Professional") -> Adjunct | M34: =VLOOKUP(A34,MonthlyMetricFullData!A:D,3,FALSE) -> Ela Cross
A35: Alex Small | B35: 7/13/25 - 8/10/25 | C35: 0 | D35: 1 | E35: 0 | F35: 0 | G35: 0 | H35: #N/A | K35: =VLOOKUP(A35,MonthlyMetricFullData!A:D,2,FALSE) -> Premium | L35: =IF(VLOOKUP(A35,MonthlyMetricFullData!A:E,5,FALSE)<30,"Adjunct","Professional") -> Adjunct | M35: =VLOOKUP(A35,MonthlyMetricFullData!A:D,3,FALSE) -> Ela Cross
A36: Alex Small | B36: 8/10/25 - 9/6/25 | C36: 0.76 | D36: 1.42 | E36: 1 | F36: 1 | G36: 0 | H36: 2 | I36: 3/5 | J36: 0.6 | K36: =VLOOKUP(A36,MonthlyMetricFullData!A:D,2,FALSE) -> Premium | L36: =IF(VLOOKUP(A36,MonthlyMetricFullData!A:E,5,FALSE)<30,"Adjunct","Professional") -> Adjunct | M36: =VLOOKUP(A36,MonthlyMetricFullData!A:D,3,FALSE) -> Ela Cross
A37: Alex Small | B37: 9/7/25 - 10/4/25 | C37: 1.14 | D37: 1.46 | E37: 1 | F37: 0.73 | G37: 0 | H37: 3 | K37: =VLOOKUP(A37,MonthlyMetricFullData!A:D,2,FALSE) -> Premium | L37: =IF(VLOOKUP(A37,MonthlyMetricFullData!A:E,5,FALSE)<30,"Adjunct","Professional") -> Adjunct | M37: =VLOOKUP(A37,MonthlyMetricFullData!A:D,3,FALSE) -> Ela Cross
A38: Alexa Pinera | B38: 1/25/26 - 2/21/26 | C38: 0.7542 | D38: 2.0708 | E38: 1 | F38: 1 | G38: 0.91666667 | H38: 6 | I38: 2/3 | J38: 0.66 | K38: =VLOOKUP(A38,MonthlyMetricFullData!A:D,2,FALSE) -> Premium | L38: =IF(VLOOKUP(A38,MonthlyMetricFullData!A:E,5,FALSE)<30,"Adjunct","Professional") -> Professional | M38: =VLOOKUP(A38,MonthlyMetricFullData!A:D,3,FALSE) -> Ian Plamondon
A39: Alexa Pinera | B39: 10/5/25 - 11/1/25 | C39: 0.6257 | D39: 2.2516 | E39: 0.94029851 | F39: 0.97619048 | G39: 0.75 | H39: 1 | I39: 4/4 | J39: 1 | K39: =VLOOKUP(A39,MonthlyMetricFullData!A:D,2,FALSE) -> Premium | L39: =IF(VLOOKUP(A39,MonthlyMetricFullData!A:E,5,FALSE)<30,"Adjunct","Professional") -> Professional | M39: =VLOOKUP(A39,MonthlyMetricFullData!A:D,3,FALSE) -> Ian Plamondon
A40: Alexa Pinera | B40: 11/2/25 - 11/29/25 | C40: 0.7 | D40: 1.99 | E40: 0.97 | F40: 1 | G40: 0.71 | H40: 5 | I40: 45691 | J40: 0.0066666667 | K40: =VLOOKUP(A40,MonthlyMetricFullData!A:D,2,FALSE) -> Premium | L40: =IF(VLOOKUP(A40,MonthlyMetricFullData!A:E,5,FALSE)<30,"Adjunct","Professional") -> Professional | M40: =VLOOKUP(A40,MonthlyMetricFullData!A:D,3,FALSE) -> Ian Plamondon
A41: Alexa Pinera | B41: 11/30/25 - 12/27/25 | C41: 0.6 | D41: 1.82 | E41: 1 | F41: 0.98 | G41: 0.81 | H41: 4 | I41: 1 | J41: 1 | K41: =VLOOKUP(A41,MonthlyMetricFullData!A:D,2,FALSE) -> Premium | L41: =IF(VLOOKUP(A41,MonthlyMetricFullData!A:E,5,FALSE)<30,"Adjunct","Professional") -> Professional | M41: =VLOOKUP(A41,MonthlyMetricFullData!A:D,3,FALSE) -> Ian Plamondon
A42: Alexa Pinera | B42: 12/28/25 - 1/25/26 | C42: 0.375 | D42: 2.0707 | E42: 0.97368421 | F42: 1 | G42: 1 | H42: 0 | I42: 1 | J42: =I42 -> 1 | K42: =VLOOKUP(A42,MonthlyMetricFullData!A:D,2,FALSE) -> Premium | L42: =IF(VLOOKUP(A42,MonthlyMetricFullData!A:E,5,FALSE)<30,"Adjunct","Professional") -> Professional | M42: =VLOOKUP(A42,MonthlyMetricFullData!A:D,3,FALSE) -> Ian Plamondon
A43: Alexa Pinera | B43: 2/22/26 - 3/21/26 | C43: 0.77 | D43: 1.63 | E43: 0.95 | F43: 1 | G43: 0.93 | H43: 0 | I43: 2/3 | J43: 0.66 | K43: =VLOOKUP(A43,MonthlyMetricFullData!A:D,2,FALSE) -> Premium | L43: =IF(VLOOKUP(A43,MonthlyMetricFullData!A:E,5,FALSE)<30,"Adjunct","Professional") -> Professional | M43: =VLOOKUP(A43,MonthlyMetricFullData!A:D,3,FALSE) -> Ian Plamondon
A44: Alexa Pinera | B44: 3/22/26 - 4/18/26 | C44: 0.5917 | D44: 2.6625 | E44: 1 | F44: 1 | G44: 0.91666667 | H44: 3 | I44: 4/4 | J44: 1 | K44: =VLOOKUP(A44,MonthlyMetricFullData!A:D,2,FALSE) -> Premium | L44: =IF(VLOOKUP(A44,MonthlyMetricFullData!A:E,5,FALSE)<30,"Adjunct","Professional") -> Professional | M44: =VLOOKUP(A44,MonthlyMetricFullData!A:D,3,FALSE) -> Ian Plamondon
A45: Alexa Pinera | B45: 5/18/25 - 6/14/25 | C45: 0.96 | D45: 1.65 | E45: 0.97 | F45: 1 | G45: 0.9 | H45: 0 | I45: 3/4 | J45: 0.75 | K45: =VLOOKUP(A45,MonthlyMetricFullData!A:D,2,FALSE) -> Premium | L45: =IF(VLOOKUP(A45,MonthlyMetricFullData!A:E,5,FALSE)<30,"Adjunct","Professional") -> Professional | M45: =VLOOKUP(A45,MonthlyMetricFullData!A:D,3,FALSE) -> Ian Plamondon
A46: Alexa Pinera | B46: 6/15/25 - 7/12/25 | C46: 0.52 | D46: 1.83 | E46: 0.99 | F46: 1 | G46: 0.77 | H46: 2 | I46: 1 | J46: =I46 -> 1 | K46: =VLOOKUP(A46,MonthlyMetricFullData!A:D,2,FALSE) -> Premium | L46: =IF(VLOOKUP(A46,MonthlyMetricFullData!A:E,5,FALSE)<30,"Adjunct","Professional") -> Professional | M46: =VLOOKUP(A46,MonthlyMetricFullData!A:D,3,FALSE) -> Ian Plamondon
A47: Alexa Pinera | B47: 7/13/25 - 8/10/25 | C47: 0.82 | D47: 1.92 | E47: 0.96 | F47: 1 | G47: 0.56 | H47: 2 | I47: 1 | J47: =I47 -> 1 | K47: =VLOOKUP(A47,MonthlyMetricFullData!A:D,2,FALSE) -> Premium | L47: =IF(VLOOKUP(A47,MonthlyMetricFullData!A:E,5,FALSE)<30,"Adjunct","Professional") -> Professional | M47: =VLOOKUP(A47,MonthlyMetricFullData!A:D,3,FALSE) -> Ian Plamondon
A48: Alexa Pinera | B48: 8/10/25 - 9/6/25 | C48: 0.8 | D48: 1.03 | E48: 0.99 | F48: 1 | G48: 0.88 | H48: 1 | I48: 0/1 | J48: 0 | K48: =VLOOKUP(A48,MonthlyMetricFullData!A:D,2,FALSE) -> Premium | L48: =IF(VLOOKUP(A48,MonthlyMetricFullData!A:E,5,FALSE)<30,"Adjunct","Professional") -> Professional | M48: =VLOOKUP(A48,MonthlyMetricFullData!A:D,3,FALSE) -> Ian Plamondon
A49: Alexa Pinera | B49: 9/7/25 - 10/4/25 | C49: 0.75 | D49: 2.19 | E49: 0.94 | F49: 1 | G49: 0.93 | H49: 0 | I49: 3/3 | J49: 1 | K49: =VLOOKUP(A49,MonthlyMetricFullData!A:D,2,FALSE) -> Premium | L49: =IF(VLOOKUP(A49,MonthlyMetricFullData!A:E,5,FALSE)<30,"Adjunct","Professional") -> Professional | M49: =VLOOKUP(A49,MonthlyMetricFullData!A:D,3,FALSE) -> Ian Plamondon
A50: Alexandra Berrios | B50: 1/25/26 - 2/21/26 | C50: 1.5521 | D50: 1.3359 | E50: 0.96774194 | F50: 0.88888889 | G50: 0.85714286 | H50: 10 | I50: 6/8 | J50: 0.75 | K50: =VLOOKUP(A50,MonthlyMetricFullData!A:D,2,FALSE) -> Distinguished | L50: =IF(VLOOKUP(A50,MonthlyMetricFullData!A:E,5,FALSE)<30,"Adjunct","Professional") -> Adjunct | M50: =VLOOKUP(A50,MonthlyMetricFullData!A:D,3,FALSE) -> Kristin Haase-Alvey
A51: Alexandra Berrios | B51: 10/5/25 - 11/1/25 | C51: 1.7344 | D51: 1.3555 | E51: 0.98888889 | F51: 0.78125 | G51: 0.70588235 | H51: 7 | I51: 2/3 | J51: 0.66 | K51: =VLOOKUP(A51,MonthlyMetricFullData!A:D,2,FALSE) -> Distinguished | L51: =IF(VLOOKUP(A51,MonthlyMetricFullData!A:E,5,FALSE)<30,"Adjunct","Professional") -> Adjunct | M51: =VLOOKUP(A51,MonthlyMetricFullData!A:D,3,FALSE) -> Kristin Haase-Alvey
A52: Alexandra Berrios | B52: 10/5/25 - 11/1/25 | C52: 1.7344 | D52: 1.3555 | E52: 0.98888889 | F52: 0.78125 | G52: 0.70588235 | H52: 7 | I52: 2/3 | J52: =_xlfn.TEXTBEFORE(I52, "/")/_xlfn.TEXTAFTER(I52,"/") -> 0.66666667 | K52: =VLOOKUP(A52,MonthlyMetricFullData!A:D,2,FALSE) -> Distinguished | L52: =IF(VLOOKUP(A52,MonthlyMetricFullData!A:E,5,FALSE)<30,"Adjunct","Professional") -> Adjunct | M52: =VLOOKUP(A52,MonthlyMetricFullData!A:D,3,FALSE) -> Kristin Haase-Alvey
A53: Alexandra Berrios | B53: 11/2/25 - 11/29/25 | C53: 1.67 | D53: 1.38 | E53: 1 | F53: 0.47 | G53: 0.81 | H53: 11 | I53: 0/5 | J53: 0 | K53: =VLOOKUP(A53,MonthlyMetricFullData!A:D,2,FALSE) -> Distinguished | L53: =IF(VLOOKUP(A53,MonthlyMetricFullData!A:E,5,FALSE)<30,"Adjunct","Professional") -> Adjunct | M53: =VLOOKUP(A53,MonthlyMetricFullData!A:D,3,FALSE) -> Kristin Haase-Alvey
A54: Alexandra Berrios | B54: 11/30/25 - 12/27/25 | C54: 1.09 | D54: 0.93 | E54: 0.95 | F54: 0.51 | G54: 0.65 | H54: 3 | I54: 1 | J54: 1 | K54: =VLOOKUP(A54,MonthlyMetricFullData!A:D,2,FALSE) -> Distinguished | L54: =IF(VLOOKUP(A54,MonthlyMetricFullData!A:E,5,FALSE)<30,"Adjunct","Professional") -> Adjunct | M54: =VLOOKUP(A54,MonthlyMetricFullData!A:D,3,FALSE) -> Kristin Haase-Alvey
A55: Alexandra Berrios | B55: 12/28/25 - 1/25/26 | C55: 1.3542 | D55: 1.2344 | E55: 1 | F55: 0.76363636 | G55: 0.88888889 | H55: 11 | I55: 0.55555556 | J55: =I55 -> 0.55555556 | K55: =VLOOKUP(A55,MonthlyMetricFullData!A:D,2,FALSE) -> Distinguished | L55: =IF(VLOOKUP(A55,MonthlyMetricFullData!A:E,5,FALSE)<30,"Adjunct","Professional") -> Adjunct | M55: =VLOOKUP(A55,MonthlyMetricFullData!A:D,3,FALSE) -> Kristin Haase-Alvey
A56: Alexandra Berrios | B56: 2/22/26 - 3/21/26 | C56: 1.5 | D56: 1.24 | E56: 1 | F56: 0.91 | G56: 1 | H56: 10 | I56: 3/4 | J56: 0.75 | K56: =VLOOKUP(A56,MonthlyMetricFullData!A:D,2,FALSE) -> Distinguished | L56: =IF(VLOOKUP(A56,MonthlyMetricFullData!A:E,5,FALSE)<30,"Adjunct","Professional") -> Adjunct | M56: =VLOOKUP(A56,MonthlyMetricFullData!A:D,3,FALSE) -> Kristin Haase-Alvey
A57: Alexandra Berrios | B57: 3/22/26 - 4/18/26 | C57: 1.3542 | D57: 1.2305 | E57: 0.98507463 | F57: 0.759 | G57: 1 | H57: 7 | I57: 1/1 | J57: 1 | K57: =VLOOKUP(A57,MonthlyMetricFullData!A:D,2,FALSE) -> Distinguished | L57: =IF(VLOOKUP(A57,MonthlyMetricFullData!A:E,5,FALSE)<30,"Adjunct","Professional") -> Adjunct | M57: =VLOOKUP(A57,MonthlyMetricFullData!A:D,3,FALSE) -> Kristin Haase-Alvey
A58: Alexandra Berrios | B58: 5/18/25 - 6/14/25 | C58: 0.54 | D58: 0.97 | E58: 1 | F58: 0.85 | G58: 1 | H58: 1 | K58: =VLOOKUP(A58,MonthlyMetricFullData!A:D,2,FALSE) -> Distinguished | L58: =IF(VLOOKUP(A58,MonthlyMetricFullData!A:E,5,FALSE)<30,"Adjunct","Professional") -> Adjunct | M58: =VLOOKUP(A58,MonthlyMetricFullData!A:D,3,FALSE) -> Kristin Haase-Alvey
A59: Alexandra Berrios | B59: 6/15/25 - 7/12/25 | C59: 0.02 | D59: 0.63 | E59: 1 | F59: 1 | G59: 1 | H59: #N/A | K59: =VLOOKUP(A59,MonthlyMetricFullData!A:D,2,FALSE) -> Distinguished | L59: =IF(VLOOKUP(A59,MonthlyMetricFullData!A:E,5,FALSE)<30,"Adjunct","Professional") -> Adjunct | M59: =VLOOKUP(A59,MonthlyMetricFullData!A:D,3,FALSE) -> Kristin Haase-Alvey
A60: Alexandra Berrios | B60: 7/13/25 - 8/10/25 | C60: 0.8 | D60: 1.29 | E60: 1 | F60: 0.87 | G60: 0.8 | H60: #N/A | I60: 1 | J60: =I60 -> 1 | K60: =VLOOKUP(A60,MonthlyMetricFullData!A:D,2,FALSE) -> Distinguished | L60: =IF(VLOOKUP(A60,MonthlyMetricFullData!A:E,5,FALSE)<30,"Adjunct","Professional") -> Adjunct | M60: =VLOOKUP(A60,MonthlyMetricFullData!A:D,3,FALSE) -> Kristin Haase-Alvey
A61: Alexandra Berrios | B61: 8/10/25 - 9/6/25 | C61: 1.02 | D61: 1.48 | E61: 1 | F61: 0.95 | G61: 0.4 | H61: 2 | K61: =VLOOKUP(A61,MonthlyMetricFullData!A:D,2,FALSE) -> Distinguished | L61: =IF(VLOOKUP(A61,MonthlyMetricFullData!A:E,5,FALSE)<30,"Adjunct","Professional") -> Adjunct | M61: =VLOOKUP(A61,MonthlyMetricFullData!A:D,3,FALSE) -> Kristin Haase-Alvey
A62: Alexandra Berrios | B62: 9/7/25 - 10/4/25 | C62: 1.85 | D62: 1.65 | E62: 1 | F62: 0.75 | G62: 0.58 | H62: 8 | I62: 5/6 | J62: 0.83 | K62: =VLOOKUP(A62,MonthlyMetricFullData!A:D,2,FALSE) -> Distinguished | L62: =IF(VLOOKUP(A62,MonthlyMetricFullData!A:E,5,FALSE)<30,"Adjunct","Professional") -> Adjunct | M62: =VLOOKUP(A62,MonthlyMetricFullData!A:D,3,FALSE) -> Kristin Haase-Alvey
A63: Alexandra Laus | B63: 1/25/26 - 2/21/26 | C63: 0 | D63: 0.9441 | E63: 0 | F63: 0 | G63: 0 | H63: 0 | I63: 0/0 | J63: 0 | K63: =VLOOKUP(A63,MonthlyMetricFullData!A:D,2,FALSE) -> #N/A | L63: =IF(VLOOKUP(A63,MonthlyMetricFullData!A:E,5,FALSE)<30,"Adjunct","Professional") -> #N/A | M63: =VLOOKUP(A63,MonthlyMetricFullData!A:D,3,FALSE) -> #N/A
A64: Alexandra Laus | B64: 2/22/26 - 3/21/26 | C64: 0.7 | D64: 1.18 | E64: 0.96 | F64: 0.71 | G64: 0 | H64: 1 | I64: 7/21 | J64: =_xlfn.TEXTBEFORE(I64,"/")/_xlfn.TEXTAFTER(I64,"/") -> 0.33333333 | K64: =VLOOKUP(A64,MonthlyMetricFullData!A:D,2,FALSE) -> #N/A | L64: =IF(VLOOKUP(A64,MonthlyMetricFullData!A:E,5,FALSE)<30,"Adjunct","Professional") -> #N/A | M64: =VLOOKUP(A64,MonthlyMetricFullData!A:D,3,FALSE) -> #N/A
A65: Alexis Boucher | B65: 1/25/26 - 2/21/26 | C65: 0.8333 | D65: 0.9671 | E65: 0.98795181 | F65: 0.95238095 | G65: 1 | H65: 9 | I65: 1/4 | J65: 0.25 | K65: =VLOOKUP(A65,MonthlyMetricFullData!A:D,2,FALSE) -> Distinguished | L65: =IF(VLOOKUP(A65,MonthlyMetricFullData!A:E,5,FALSE)<30,"Adjunct","Professional") -> Professional | M65: =VLOOKUP(A65,MonthlyMetricFullData!A:D,3,FALSE) -> Ian Plamondon
A66: Alexis Boucher | B66: 10/5/25 - 11/1/25 | C66: 0.7208 | D66: 0.9868 | E66: 1 | F66: 0.87272727 | G66: 0.95652174 | H66: 3 | K66: =VLOOKUP(A66,MonthlyMetricFullData!A:D,2,FALSE) -> Distinguished | L66: =IF(VLOOKUP(A66,MonthlyMetricFullData!A:E,5,FALSE)<30,"Adjunct","Professional") -> Professional | M66: =VLOOKUP(A66,MonthlyMetricFullData!A:D,3,FALSE) -> Ian Plamondon
A67: Alexis Boucher | B67: 11/2/25 - 11/29/25 | C67: 0.5 | D67: 0.9 | E67: 1 | F67: 0.82 | G67: 0.93 | H67: 2 | I67: 45658 | J67: 1 | K67: =VLOOKUP(A67,MonthlyMetricFullData!A:D,2,FALSE) -> Distinguished | L67: =IF(VLOOKUP(A67,MonthlyMetricFullData!A:E,5,FALSE)<30,"Adjunct","Professional") -> Professional | M67: =VLOOKUP(A67,MonthlyMetricFullData!A:D,3,FALSE) -> Ian Plamondon
A68: Alexis Boucher | B68: 11/30/25 - 12/27/25 | C68: 0.36 | D68: 0.94 | E68: 0.97 | F68: 0.94 | G68: 1 | H68: 1 | K68: =VLOOKUP(A68,MonthlyMetricFullData!A:D,2,FALSE) -> Distinguished | L68: =IF(VLOOKUP(A68,MonthlyMetricFullData!A:E,5,FALSE)<30,"Adjunct","Professional") -> Professional | M68: =VLOOKUP(A68,MonthlyMetricFullData!A:D,3,FALSE) -> Ian Plamondon
A69: Alexis Boucher | B69: 12/28/25 - 1/25/26 | C69: 0.6375 | D69: 0.9474 | E69: 1 | F69: 0.94117647 | G69: 0.86666667 | H69: 1 | I69: 0.6 | J69: =I69 -> 0.6 | K69: =VLOOKUP(A69,MonthlyMetricFullData!A:D,2,FALSE) -> Distinguished | L69: =IF(VLOOKUP(A69,MonthlyMetricFullData!A:E,5,FALSE)<30,"Adjunct","Professional") -> Professional | M69: =VLOOKUP(A69,MonthlyMetricFullData!A:D,3,FALSE) -> Ian Plamondon
A70: Alexis Boucher | B70: 2/22/26 - 3/21/26 | C70: 0.93 | D70: 0.85 | E70: 0.97 | F70: 0.91 | G70: 0.95 | H70: 0 | I70: 5/5 | J70: 1 | K70: =VLOOKUP(A70,MonthlyMetricFullData!A:D,2,FALSE) -> Distinguished | L70: =IF(VLOOKUP(A70,MonthlyMetricFullData!A:E,5,FALSE)<30,"Adjunct","Professional") -> Professional | M70: =VLOOKUP(A70,MonthlyMetricFullData!A:D,3,FALSE) -> Ian Plamondon
A71: Alexis Boucher | B71: 3/22/26 - 4/18/26 | C71: 0.7583 | D71: 0.9671 | E71: 0.97435897 | F71: 0.86 | G71: 0.94444444 | H71: 7 | I71: 1/2 | J71: 0.5 | K71: =VLOOKUP(A71,MonthlyMetricFullData!A:D,2,FALSE) -> Distinguished | L71: =IF(VLOOKUP(A71,MonthlyMetricFullData!A:E,5,FALSE)<30,"Adjunct","Professional") -> Professional | M71: =VLOOKUP(A71,MonthlyMetricFullData!A:D,3,FALSE) -> Ian Plamondon
A72: Alexis Boucher | B72: 5/18/25 - 6/14/25 | C72: 0.73 | D72: 0.93 | E72: 1 | F72: 0.87 | G72: 0.8 | H72: #N/A | I72: 2/3 | J72: 0.67 | K72: =VLOOKUP(A72,MonthlyMetricFullData!A:D,2,FALSE) -> Distinguished | L72: =IF(VLOOKUP(A72,MonthlyMetricFullData!A:E,5,FALSE)<30,"Adjunct","Professional") -> Professional | M72: =VLOOKUP(A72,MonthlyMetricFullData!A:D,3,FALSE) -> Ian Plamondon
A73: Alexis Boucher | B73: 6/15/25 - 7/12/25 | C73: 0.47 | D73: 0.93 | E73: 1 | F73: 0.81 | G73: 0.5 | H73: 2 | I73: 1 | J73: =I73 -> 1 | K73: =VLOOKUP(A73,MonthlyMetricFullData!A:D,2,FALSE) -> Distinguished | L73: =IF(VLOOKUP(A73,MonthlyMetricFullData!A:E,5,FALSE)<30,"Adjunct","Professional") -> Professional | M73: =VLOOKUP(A73,MonthlyMetricFullData!A:D,3,FALSE) -> Ian Plamondon
A74: Alexis Boucher | B74: 7/13/25 - 8/10/25 | C74: 0.73 | D74: 1.02 | E74: 1 | F74: 0.91 | G74: 0.71 | H74: #N/A | I74: 1 | J74: =I74 -> 1 | K74: =VLOOKUP(A74,MonthlyMetricFullData!A:D,2,FALSE) -> Distinguished | L74: =IF(VLOOKUP(A74,MonthlyMetricFullData!A:E,5,FALSE)<30,"Adjunct","Professional") -> Professional | M74: =VLOOKUP(A74,MonthlyMetricFullData!A:D,3,FALSE) -> Ian Plamondon
A75: Alexis Boucher | B75: 8/10/25 - 9/6/25 | C75: 0.74 | D75: 0.98 | E75: 1 | F75: 0.9 | G75: 0.94 | H75: 3 | I75: 5/6 | J75: 0.83 | K75: =VLOOKUP(A75,MonthlyMetricFullData!A:D,2,FALSE) -> Distinguished | L75: =IF(VLOOKUP(A75,MonthlyMetricFullData!A:E,5,FALSE)<30,"Adjunct","Professional") -> Professional | M75: =VLOOKUP(A75,MonthlyMetricFullData!A:D,3,FALSE) -> Ian Plamondon
A76: Alexis Boucher | B76: 9/7/25 - 10/4/25 | C76: 0.76 | D76: 0.99 | E76: 1 | F76: 1 | G76: 0.77 | H76: 2 | I76: 1/6 | J76: 0.17 | K76: =VLOOKUP(A76,MonthlyMetricFullData!A:D,2,FALSE) -> Distinguished | L76: =IF(VLOOKUP(A76,MonthlyMetricFullData!A:E,5,FALSE)<30,"Adjunct","Professional") -> Professional | M76: =VLOOKUP(A76,MonthlyMetricFullData!A:D,3,FALSE) -> Ian Plamondon
A77: Alison Trumbull | B77: 1/25/26 - 2/21/26 | C77: 0.7083 | D77: 1.1367 | E77: 1 | F77: 0.83333333 | G77: 1 | H77: 1 | I77: 0/0 | J77: 0 | K77: =VLOOKUP(A77,MonthlyMetricFullData!A:D,2,FALSE) -> Premium | L77: =IF(VLOOKUP(A77,MonthlyMetricFullData!A:E,5,FALSE)<30,"Adjunct","Professional") -> Adjunct | M77: =VLOOKUP(A77,MonthlyMetricFullData!A:D,3,FALSE) -> Geoff St. Marie
A78: Alison Trumbull | B78: 10/5/25 - 11/1/25 | C78: 0.5 | D78: 0.9883 | E78: 1 | F78: 1 | G78: 1 | H78: 2 | K78: =VLOOKUP(A78,MonthlyMetricFullData!A:D,2,FALSE) -> Premium | L78: =IF(VLOOKUP(A78,MonthlyMetricFullData!A:E,5,FALSE)<30,"Adjunct","Professional") -> Adjunct | M78: =VLOOKUP(A78,MonthlyMetricFullData!A:D,3,FALSE) -> Geoff St. Marie
A79: Alison Trumbull | B79: 11/2/25 - 11/29/25 | C79: 0.41 | D79: 0.9 | E79: 0.94 | F79: 1 | G79: 1 | H79: 0 | K79: =VLOOKUP(A79,MonthlyMetricFullData!A:D,2,FALSE) -> Premium | L79: =IF(VLOOKUP(A79,MonthlyMetricFullData!A:E,5,FALSE)<30,"Adjunct","Professional") -> Adjunct | M79: =VLOOKUP(A79,MonthlyMetricFullData!A:D,3,FALSE) -> Geoff St. Marie
A80: Alison Trumbull | B80: 11/30/25 - 12/27/25 | C80: 0.37 | D80: 1.17 | E80: 0.85 | F80: 0.7 | G80: 1 | H80: 6 | I80: 1 | J80: 1 | K80: =VLOOKUP(A80,MonthlyMetricFullData!A:D,2,FALSE) -> Premium | L80: =IF(VLOOKUP(A80,MonthlyMetricFullData!A:E,5,FALSE)<30,"Adjunct","Professional") -> Adjunct | M80: =VLOOKUP(A80,MonthlyMetricFullData!A:D,3,FALSE) -> Geoff St. Marie
A81: Alison Trumbull | B81: 12/28/25 - 1/25/26 | C81: 0.5313 | D81: 1.1367 | E81: 1 | F81: 0.95 | G81: 1 | H81: 0 | I81: 0/2 | J81: 0 | K81: =VLOOKUP(A81,MonthlyMetricFullData!A:D,2,FALSE) -> Premium | L81: =IF(VLOOKUP(A81,MonthlyMetricFullData!A:E,5,FALSE)<30,"Adjunct","Professional") -> Adjunct | M81: =VLOOKUP(A81,MonthlyMetricFullData!A:D,3,FALSE) -> Geoff St. Marie
A82: Alison Trumbull | B82: 2/22/26 - 3/21/26 | C82: 0.66 | D82: 0.95 | E82: 1 | F82: 1 | G82: 1 | H82: 0 | I82: 0/0 | J82: 0 | K82: =VLOOKUP(A82,MonthlyMetricFullData!A:D,2,FALSE) -> Premium | L82: =IF(VLOOKUP(A82,MonthlyMetricFullData!A:E,5,FALSE)<30,"Adjunct","Professional") -> Adjunct | M82: =VLOOKUP(A82,MonthlyMetricFullData!A:D,3,FALSE) -> Geoff St. Marie
A83: Alison Trumbull | B83: 3/22/26 - 4/18/26 | C83: 0.5521 | D83: 0.8828 | E83: 1 | F83: 0.688 | G83: 0.85714286 | H83: 2 | K83: =VLOOKUP(A83,MonthlyMetricFullData!A:D,2,FALSE) -> Premium | L83: =IF(VLOOKUP(A83,MonthlyMetricFullData!A:E,5,FALSE)<30,"Adjunct","Professional") -> Adjunct | M83: =VLOOKUP(A83,MonthlyMetricFullData!A:D,3,FALSE) -> Geoff St. Marie
A84: Alison Trumbull | B84: 5/18/25 - 6/14/25 | C84: 0.95 | D84: 0.86 | E84: 0.92 | F84: 0.88 | G84: 0.9 | H84: #N/A | K84: =VLOOKUP(A84,MonthlyMetricFullData!A:D,2,FALSE) -> Premium | L84: =IF(VLOOKUP(A84,MonthlyMetricFullData!A:E,5,FALSE)<30,"Adjunct","Professional") -> Adjunct | M84: =VLOOKUP(A84,MonthlyMetricFullData!A:D,3,FALSE) -> Geoff St. Marie
A85: Alison Trumbull | B85: 6/15/25 - 7/12/25 | C85: 1.15 | D85: 0.99 | E85: 0.9 | F85: 0.93 | G85: 0.82 | H85: 1 | I85: 1 | J85: =I85 -> 1 | K85: =VLOOKUP(A85,MonthlyMetricFullData!A:D,2,FALSE) -> Premium | L85: =IF(VLOOKUP(A85,MonthlyMetricFullData!A:E,5,FALSE)<30,"Adjunct","Professional") -> Adjunct | M85: =VLOOKUP(A85,MonthlyMetricFullData!A:D,3,FALSE) -> Geoff St. Marie
A86: Alison Trumbull | B86: 7/13/25 - 8/10/25 | C86: 1 | D86: 1.03 | E86: 1 | F86: 1 | G86: 0.64 | H86: 2 | K86: =VLOOKUP(A86,MonthlyMetricFullData!A:D,2,FALSE) -> Premium | L86: =IF(VLOOKUP(A86,MonthlyMetricFullData!A:E,5,FALSE)<30,"Adjunct","Professional") -> Adjunct | M86: =VLOOKUP(A86,MonthlyMetricFullData!A:D,3,FALSE) -> Geoff St. Marie
A87: Alison Trumbull | B87: 8/10/25 - 9/6/25 | C87: 1.53 | D87: 1.23 | E87: 0.97 | F87: 0.83 | G87: 1 | H87: 0 | I87: 1/1 | J87: 1 | K87: =VLOOKUP(A87,MonthlyMetricFullData!A:D,2,FALSE) -> Premium | L87: =IF(VLOOKUP(A87,MonthlyMetricFullData!A:E,5,FALSE)<30,"Adjunct","Professional") -> Adjunct | M87: =VLOOKUP(A87,MonthlyMetricFullData!A:D,3,FALSE) -> Geoff St. Marie
A88: Alison Trumbull | B88: 9/7/25 - 10/4/25 | C88: 1.08 | D88: 1.02 | E88: 0.96 | F88: 1 | G88: 1 | H88: 1 | K88: =VLOOKUP(A88,MonthlyMetricFullData!A:D,2,FALSE) -> Premium | L88: =IF(VLOOKUP(A88,MonthlyMetricFullData!A:E,5,FALSE)<30,"Adjunct","Professional") -> Adjunct | M88: =VLOOKUP(A88,MonthlyMetricFullData!A:D,3,FALSE) -> Geoff St. Marie
A89: Alli Winkelmann | B89: 5/18/25 - 6/14/25 | C89: 0.82 | D89: 0.77 | E89: 1 | F89: 1 | G89: 0.83 | H89: 3 | K89: =VLOOKUP(A89,MonthlyMetricFullData!A:D,2,FALSE) -> #N/A | L89: =IF(VLOOKUP(A89,MonthlyMetricFullData!A:E,5,FALSE)<30,"Adjunct","Professional") -> #N/A | M89: =VLOOKUP(A89,MonthlyMetricFullData!A:D,3,FALSE) -> #N/A
A90: Alli Winkelmann | B90: 6/15/25 - 7/12/25 | C90: 0.66 | D90: 0.94 | E90: 1 | F90: 0.96 | G90: 0.85 | H90: 1 | I90: 1 | J90: =I90 -> 1 | K90: =VLOOKUP(A90,MonthlyMetricFullData!A:D,2,FALSE) -> #N/A | L90: =IF(VLOOKUP(A90,MonthlyMetricFullData!A:E,5,FALSE)<30,"Adjunct","Professional") -> #N/A | M90: =VLOOKUP(A90,MonthlyMetricFullData!A:D,3,FALSE) -> #N/A
A91: Alli Winkelmann | B91: 7/13/25 - 8/10/25 | C91: 0.83 | D91: 1.05 | E91: 1 | F91: 0.94 | G91: 0.91 | H91: 2 | I91: 0 | J91: =I91 -> 0 | K91: =VLOOKUP(A91,MonthlyMetricFullData!A:D,2,FALSE) -> #N/A | L91: =IF(VLOOKUP(A91,MonthlyMetricFullData!A:E,5,FALSE)<30,"Adjunct","Professional") -> #N/A | M91: =VLOOKUP(A91,MonthlyMetricFullData!A:D,3,FALSE) -> #N/A
A92: Allison Peck | B92: 1/25/26 - 2/21/26 | C92: 0.6667 | D92: 1.0898 | E92: 1 | F92: 0.83333333 | G92: 0.6 | H92: 2 | I92: 1/1 | J92: 1 | K92: =VLOOKUP(A92,MonthlyMetricFullData!A:D,2,FALSE) -> Distinguished | L92: =IF(VLOOKUP(A92,MonthlyMetricFullData!A:E,5,FALSE)<30,"Adjunct","Professional") -> Adjunct | M92: =VLOOKUP(A92,MonthlyMetricFullData!A:D,3,FALSE) -> Kristin Haase-Alvey
A93: Allison Peck | B93: 10/5/25 - 11/1/25 | C93: 0.651 | D93: 0.9844 | E93: 1 | F93: 0.94736842 | G93: 0.8 | H93: 2 | I93: 0/1 | J93: 0 | K93: =VLOOKUP(A93,MonthlyMetricFullData!A:D,2,FALSE) -> Distinguished | L93: =IF(VLOOKUP(A93,MonthlyMetricFullData!A:E,5,FALSE)<30,"Adjunct","Professional") -> Adjunct | M93: =VLOOKUP(A93,MonthlyMetricFullData!A:D,3,FALSE) -> Kristin Haase-Alvey
A94: Allison Peck | B94: 11/2/25 - 11/29/25 | C94: 0.65 | D94: 1.05 | E94: 0.97 | F94: 1 | G94: 1 | H94: 2 | K94: =VLOOKUP(A94,MonthlyMetricFullData!A:D,2,FALSE) -> Distinguished | L94: =IF(VLOOKUP(A94,MonthlyMetricFullData!A:E,5,FALSE)<30,"Adjunct","Professional") -> Adjunct | M94: =VLOOKUP(A94,MonthlyMetricFullData!A:D,3,FALSE) -> Kristin Haase-Alvey
A95: Allison Peck | B95: 11/30/25 - 12/27/25 | C95: 0.46 | D95: 1 | E95: 0.94 | F95: 1 | G95: 1 | H95: 1 | K95: =VLOOKUP(A95,MonthlyMetricFullData!A:D,2,FALSE) -> Distinguished | L95: =IF(VLOOKUP(A95,MonthlyMetricFullData!A:E,5,FALSE)<30,"Adjunct","Professional") -> Adjunct | M95: =VLOOKUP(A95,MonthlyMetricFullData!A:D,3,FALSE) -> Kristin Haase-Alvey
A96: Allison Peck | B96: 12/28/25 - 1/25/26 | C96: 0.3958 | D96: 1.207 | E96: 1 | F96: 0.88888889 | G96: 1 | H96: 0 | I96: 0/1 | J96: 0 | K96: =VLOOKUP(A96,MonthlyMetricFullData!A:D,2,FALSE) -> Distinguished | L96: =IF(VLOOKUP(A96,MonthlyMetricFullData!A:E,5,FALSE)<30,"Adjunct","Professional") -> Adjunct | M96: =VLOOKUP(A96,MonthlyMetricFullData!A:D,3,FALSE) -> Kristin Haase-Alvey
A97: Allison Peck | B97: 2/22/26 - 3/21/26 | C97: 0.65 | D97: 0.95 | E97: 1 | F97: 0.96 | G97: 0.57 | H97: 0 | I97: 0/0 | J97: 0 | K97: =VLOOKUP(A97,MonthlyMetricFullData!A:D,2,FALSE) -> Distinguished | L97: =IF(VLOOKUP(A97,MonthlyMetricFullData!A:E,5,FALSE)<30,"Adjunct","Professional") -> Adjunct | M97: =VLOOKUP(A97,MonthlyMetricFullData!A:D,3,FALSE) -> Kristin Haase-Alvey
A98: Allison Peck | B98: 3/22/26 - 4/18/26 | C98: 0.5833 | D98: 0.9102 | E98: 0.94736842 | F98: 0.571 | G98: 0.85714286 | H98: 1 | I98: 0/1 | J98: 0 | K98: =VLOOKUP(A98,MonthlyMetricFullData!A:D,2,FALSE) -> Distinguished | L98: =IF(VLOOKUP(A98,MonthlyMetricFullData!A:E,5,FALSE)<30,"Adjunct","Professional") -> Adjunct | M98: =VLOOKUP(A98,MonthlyMetricFullData!A:D,3,FALSE) -> Kristin Haase-Alvey
A99: Allison Peck | B99: 5/18/25 - 6/14/25 | C99: 0 | D99: 0 | E99: 0 | F99: 0 | G99: #N/A | H99: #N/A | K99: =VLOOKUP(A99,MonthlyMetricFullData!A:D,2,FALSE) -> Distinguished | L99: =IF(VLOOKUP(A99,MonthlyMetricFullData!A:E,5,FALSE)<30,"Adjunct","Professional") -> Adjunct | M99: =VLOOKUP(A99,MonthlyMetricFullData!A:D,3,FALSE) -> Kristin Haase-Alvey
A100: Allison Peck | B100: 6/15/25 - 7/12/25 | C100: 0 | D100: 0 | E100: 0 | F100: 0 | G100: 0 | H100: #N/A | K100: =VLOOKUP(A100,MonthlyMetricFullData!A:D,2,FALSE) -> Distinguished | L100: =IF(VLOOKUP(A100,MonthlyMetricFullData!A:E,5,FALSE)<30,"Adjunct","Professional") -> Adjunct | M100: =VLOOKUP(A100,MonthlyMetricFullData!A:D,3,FALSE) -> Kristin Haase-Alvey
...

Sheet ProgressUpdateEmails
A1: update_id | B1: sent_at | C1: tutor | D1: team | E1: course_id | F1: student_name | G1: body | H1: score | J1: Row Labels | K1: Average of score
J2: Akeema Williams | K2: 3.5384615
J3: Akshiv Gulati | K3: 2
J4: Alexa Pinera | K4: 3.3333333
J5: Alexandra Berrios | K5: 3.8181818
J6: Alexis Boucher | K6: 1.8
J7: Alison Trumbull | K7: 3.5
J8: Allison Peck | K8: 5
J9: Amber Maldonado | K9: 4.75
J10: Ana Heiser | K10: 3.7142857
J11: Andres Jarquin | K11: 3.6666667
J12: Andrew Brown | K12: 3.5714286
J13: Andrew Gehlot | K13: 2.8
... J155: Zoe Shanley | K155: 3.4444444
J156: (blank)
J157: Parthav Elangovan | K157: 2.5
J158: Taryn Parks | K158: 4.6666667
J159: Syrae Jennings | K159: 5
J160: Autumn Reed | K160: 3
J161: Amelia Sain | K161: 4.6666667
J162: Nisan Hubbard | K162: 1
J163: Dehavion Knight | K163: 4.5714286
J164: Nicole Bishop | K164: 3.5
J165: Saahithi Punnam | K165: 3
J166: Faith Rogers | K166: 2.7692308
J167: Ava Robledo | K167: 3.5
J168: Daniel Olson | K168: 3
... J182: Grand Total | K182: 3.2952646

Sheet MonthlyMetricFullData
A1: 3/22/26 - 4/18/26
G2: 0.8 | J2: 1 | K2: 0.1 | L2: 0.9 | M2: 0.95 | O2: 0.8
A3: Bottom Range Lower Than | G3: 0.7 | J3: 0.8 | K3: 0.2 | L3: 0.75 | M3: 0.8 | O3: 0.5
A4: Tutor Name | B4: Current Tier | C4: Faculty Leader Name | D4: Hire Date | E4: Delivery Target | F4: Avg. Delivery Actual | G4: % to Delivery Target | H4: Availability Target | I4: Avg. Availability Actual | J4: % to Availability Target | K4: Prep Time % | L4: % Parents Updates Done on Time | M4: % Sessions on Time | N4: Ratio of PPW Events with Attached PPWs | O4: % of Active Students with Progress Updates Completed | P4: # of NPS Scores | Q4: Avg. NPS Score | R4: Weighted Repurchases | S4: Autoattendance | T4: New 1 on 1 Students | U4: total 1 on 1 students | V4: Average AI Score for Progress Updates
A5: Aaron Schneberger | B5: Distinguished | C5: Ian Plamondon | D5: 46104 | E5: 30 | F5: 27.88 | G5: 0.9292 | H5: 38 | I5: 40.44 | J5: 1.0641 | K5: 0.2144 | L5: 1 | M5: 1 | N5: 8-Mar | O5: 0.88888889 | S5: 3 | T5: 12 | U5: 25
A6: Akeema Williams | B6: Distinguished | C6: Ian Plamondon | D6: 45519 | E6: 30 | F6: 30 | G6: 1 | H6: 38 | I6: 38 | J6: 1 | K6: 0.1782 | L6: 0.974 | M6: 1 | N6: 0/1 | O6: 0.96153846 | T6: 1 | U6: 32
A7: Alex Small | B7: Premium | C7: Ela Cross | D7: 43907 | E7: 12 | F7: 15 | G7: 1.25 | H7: 16 | I7: 18.38 | J7: 1.1484 | K7: 0.132 | L7: 1 | M7: 1 | N7: 0/0 | O7: 0.66666667 | T7: 0 | U7: 9
A8: Alexa Pinera | B8: Premium | C8: Ian Plamondon | D8: 43812 | E8: 30 | F8: 18.88 | G8: 0.6292 | H8: 30 | I8: 81.38 | J8: 2.7125 | K8: 0.0559 | L8: 1 | M8: 1 | N8: 4-Apr | O8: 0.8 | T8: 5 | U8: 17
A9: Alexandra Berrios | B9: Distinguished | C9: Kristin Haase-Alvey | D9: 45755 | E9: 12 | F9: 15.25 | G9: 1.2708 | H9: 16 | I9: 18.06 | J9: 1.1289 | K9: 0.2371 | L9: 0.979 | M9: 1 | N9: 4-Jan | O9: 1 | S9: 2 | T9: 9 | U9: 28
A10: Alexis Boucher | B10: Distinguished | C10: Ian Plamondon | D10: 43749 | E10: 30 | F10: 23.13 | G10: 0.7708 | H10: 38 | I10: 34.44 | J10: 0.9063 | K10: 0.2811 | L10: 0.882 | M10: 0.97183099 | N10: 4-Feb | O10: 0.73684211 | S10: 0 | T10: 6 | U10: 29
A11: Alison Trumbull | B11: Premium | C11: Geoff St. Marie | D11: 39309 | E11: 12 | F11: 6.5 | G11: 0.5417 | H11: 16 | I11: 17.31 | J11: 1.082 | K11: 0.3888 | L11: 0.692 | M11: 0.95238095 | N11: 0/0 | O11: 0.42857143 | S11: 1 | T11: 0 | U11: 7
A12: Allison Peck | B12: Distinguished | C12: Kristin Haase-Alvey | D12: 45223 | E12: 12 | F12: 6 | G12: 0.5 | H12: 16 | I12: 15.88 | J12: 0.9922 | K12: 0.4166 | L12: 0.944 | M12: 1 | N12: 0/1 | O12: 1 | T12: 1 | U12: 8
A13: Amber Maldonado | B13: Distinguished | C13: Annelies de Groot | D13: 45683 | E13: 30 | F13: 20.25 | G13: 0.675 | H13: 38 | I13: 33.38 | J13: 0.8783 | K13: 0.5555 | L13: 0.875 | M13: 0.91803279 | N13: 4-Apr | O13: 0.85714286 | P13: 1 | Q13: 10 | S13: 3 | T13: 12 | U13: 32
A14: Amelia Sain | B14: Premium | C14: Geoff St. Marie | D14: 43479 | E14: 30 | F14: 8.13 | G14: 0.2708 | H14: 38 | I14: 45.33 | J14: 1.193 | K14: 0.2179 | L14: 0.952 | M14: 1 | N14: 0/1 | O14: 0.3 | P14: 1 | Q14: 10 | T14: 1 | U14: 12
A15: Amy Kim | B15: Distinguished | C15: Ela Cross | D15: 46020 | E15: 30 | F15: 27.38 | G15: 0.9125 | H15: 38 | I15: 37 | J15: 0.9737 | K15: 0.0895 | L15: 0.724 | M15: 0.9537037 | N15: 0/7 | O15: 0.5 | P15: 1 | Q15: 0 | S15: 3 | T15: 13 | U15: 39
A16: Ana Heiser | B16: Distinguished | C16: Kristin Haase-Alvey | D16: 45538 | E16: 30 | F16: 17 | G16: 0.5667 | H16: 30 | I16: 37.69 | J16: 1.2563 | K16: 0.096 | L16: 0.933 | M16: 0.95238095 | N16: 5-May | O16: 1 | S16: 1 | T16: 9 | U16: 18
A17: Andres Jarquin | B17: Distinguished | C17: Ian Plamondon | D17: 45876 | E17: 30 | F17: 29.13 | G17: 0.9708 | H17: 38 | I17: 40.75 | J17: 1.0724 | K17: 0.2249 | L17: 0.923 | M17: 1 | N17: 3-Jan | O17: 0.45454545 | T17: 8 | U17: 31
A18: Andrew Brown | B18: Distinguished | C18: Ian Plamondon | D18: 44218 | E18: 30 | F18: 35 | G18: 1.1667 | H18: 38 | I18: 46.81 | J18: 1.2319 | K18: 0.129 | L18: 0.968 | M18: 0.98496241 | N18: 2-Jan | O18: 0.64 | P18: 1 | Q18: 10 | T18: 6 | U18: 36
A19: Andrew Gehlot | B19: Premium | C19: Ela Cross | D19: 42825 | E19: 30 | F19: 21.13 | G19: 0.7042 | H19: 38 | I19: 39.31 | J19: 1.0345 | K19: 0.2518 | L19: 0.864 | M19: 0.87012987 | N19: 1-Jan | O19: 0.875 | S19: 3 | T19: 3 | U19: 21
A20: Andrew League | B20: Distinguished | C20: Ian Plamondon | D20: 46065 | E20: 30 | F20: 30.5 | G20: 1.0167 | H20: 38 | I20: 40.69 | J20: 1.0707 | K20: 0.2125 | L20: 0.966 | M20: 1 | N20: 4-Feb | O20: 0.70588235 | T20: 15 | U20: 40
A21: Anna Gilbert | B21: Distinguished | C21: Kristin Haase-Alvey | D21: 45294 | E21: 12 | F21: 7.25 | G21: 0.6042 | H21: 16 | I21: 14 | J21: 0.875 | K21: 0.0357 | L21: 1 | M21: 1 | N21: 1-Jan | O21: 0.85714286 | T21: 3 | U21: 11
A22: Anna Jasko | B22: Distinguished | C22: Ela Cross | D22: 46090 | E22: 30 | F22: 30.5 | G22: 1.0167 | H22: 38 | I22: 43.44 | J22: 1.1431 | K22: 0.3303 | L22: 0.965 | M22: 0.99152542 | N22: 2-Feb | O22: 0.46153846 | T22: 10 | U22: 36
A23: Annie Sylvester | B23: Distinguished | C23: Ela Cross | D23: 46052 | E23: 35 | F23: 33.88 | G23: 0.9679 | H23: 43 | I23: 40.44 | J23: 0.9404 | K23: 0.1725 | L23: 0.845 | M23: 0.98473282 | N23: 2-Feb | O23: 0.66666667 | P23: 2 | Q23: 5 | T23: 6 | U23: 37
A24: Armand Brouty | B24: Distinguished | C24: Ian Plamondon | D24: 44015 | E24: 30 | F24: 34 | G24: 1.1333 | H24: 38 | I24: 58 | J24: 1.5263 | K24: 0.0795 | L24: 1 | M24: 0.95081967 | N24: 3-Mar | O24: 1 | P24: 2 | Q24: 10 | T24: 12 | U24: 26
A25: Ashley Scorsone | B25: Premium | C25: Geoff St. Marie | D25: 42909 | E25: 35 | F25: 35.06 | G25: 1.0018 | H25: 43 | I25: 61.94 | J25: 1.4404 | K25: 0.1153 | L25: 0.96 | M25: 0.93984962 | N25: 1-Jan | O25: 0.92 | T25: 4 | U25: 28
A26: Autumn Reed | B26: Advanced | C26: Geoff St. Marie | D26: 46003 | E26: 20 | F26: 19 | G26: 0.95 | H26: 24 | I26: 32.38 | J26: 1.349 | K26: 0.1319 | L26: 0.793 | M26: 0.98666667 | N26: 0/0 | O26: 0.47058824 | P26: 1 | Q26: 9 | T26: 1 | U26: 22
A27: Ayman Smoot | B27: Distinguished | C27: Annelies de Groot | D27: 45225 | E27: 12 | F27: 13.25 | G27: 1.1042 | H27: 16 | I27: 31.75 | J27: 1.9844 | K27: 0.3666 | L27: 1 | M27: 0.93877551 | N27: 4-Apr | O27: 0.77777778 | T27: 4 | U27: 14
A28: Ben Taylor | B28: Premium | C28: Kristin Haase-Alvey | D28: 44281 | E28: 30 | F28: 14.5 | G28: 0.4833 | H28: 30 | I28: 42.63 | J28: 1.4208 | K28: 0.0787 | L28: 1 | M28: 1 | N28: 1-Jan | O28: 1 | T28: 5 | U28: 15
A29: Blake Maly | B29: Distinguished | C29: Annelies de Groot | D29: 46042 | E29: 35 | F29: 36.63 | G29: 1.0464 | H29: 43 | I29: 40.56 | J29: 0.9433 | K29: 0.1767 | L29: 0.968 | M29: 0.99300699 | N29: 0/0 | O29: 0.89655172 | T29: 6 | U29: 46
A30: Brandon Engle | B30: Distinguished | C30: Annelies de Groot | D30: 45853 | E30: 35 | F30: 36.38 | G30: 1.0393 | H30: 43 | I30: 45 | J30: 1.0465 | K30: 0.1714 | L30: 0.947 | M30: 1 | N30: 2-Feb | O30: 0.92 | P30: 1 | Q30: 10 | T30: 13 | U30: 40
A31: Breanna Lowe | B31: Distinguished | C31: Katherine Marino | D31: 46127 | E31: 20 | F31: 0.75 | G31: 0.0375 | H31: 24 | I31: 19.75 | J31: 0.8229 | K31: 0.1666 | L31: 1 | M31: 1 | N31: 1-Jan | T31: 3 | U31: 3
A32: Brenna Hubnik | B32: Distinguished | C32: Annelies de Groot | D32: 45194 | E32: 12 | F32: 11.38 | G32: 0.9479 | H32: 16 | I32: 18.38 | J32: 1.1484 | K32: 0.2263 | L32: 1 | M32: 1 | N32: 0/0 | O32: 0.86666667 | T32: 0 | U32: 16
A33: Brian Cohen | B33: Premium | C33: Annelies de Groot | D33: 43536 | E33: 12 | F33: 11.63 | G33: 0.9688 | H33: 16 | I33: 15.13 | J33: 0.9453 | K33: 0.2349 | L33: 0.975 | M33: 1 | N33: 1-Jan | O33: 1 | T33: 1 | U33: 15
A34: Brian James | B34: Distinguished | C34: Annelies de Groot | D34: 45264 | E34: 30 | F34: 39.38 | G34: 1.3125 | H34: 38 | I34: 44.63 | J34: 1.1743 | K34: 0.0964 | L34: 0.989 | M34: 0.99319728 | N34: 2-Feb | O34: 0.82142857 | P34: 1 | Q34: 10 | S34: 1 | T34: 7 | U34: 41
A35: Brian Johnson | B35: Distinguished | C35: Kristin Haase-Alvey | D35: 46090 | E35: 30 | F35: 30.63 | G35: 1.0208 | H35: 38 | I35: 42.69 | J35: 1.1234 | K35: 0.3925 | L35: 1 | M35: 1 | N35: 6-Apr | O35: 0.91666667 | T35: 14 | U35: 34
A36: Brittany Drew | B36: Distinguished | C36: Ela Cross | D36: 46037 | E36: 30 | F36: 29.5 | G36: 0.9833 | H36: 38 | I36: 38.38 | J36: 1.0099 | K36: 0.3525 | L36: 1 | M36: 1 | N36: 3-Feb | O36: 0.89473684 | P36: 3 | Q36: 10 | T36: 12 | U36: 32
A37: Brock Dilley | B37: Distinguished | C37: Annelies de Groot | D37: 45992 | E37: 35 | F37: 41.25 | G37: 1.1786 | H37: 43 | I37: 46.44 | J37: 1.0799 | K37: 0.1702 | L37: 0.978 | M37: 1 | N37: 11-Aug | O37: 0.78947368 | P37: 2 | Q37: 7 | T37: 21 | U37: 55
A38: Bryant Salinas | B38: Premium | C38: Geoff St. Marie | D38: 43363 | E38: 30 | F38: 31 | G38: 1.0333 | H38: 38 | I38: 41.94 | J38: 1.1036 | K38: 0.2254 | L38: 0.94 | M38: 0.9380531 | N38: 2-Jan | O38: 0.96 | P38: 1 | Q38: 7 | S38: 1 | T38: 2 | U38: 33
A39: Cadence Liles | B39: Advanced | C39: Geoff St. Marie | D39: 46097 | E39: 20 | F39: 16.5 | G39: 0.825 | H39: 24 | I39: 26.38 | J39: 1.099 | K39: 0.2032 | L39: 0.838 | M39: 0.98333333 | N39: 5-May | O39: 0.57142857 | P39: 3 | Q39: 10 | S39: 4 | T39: 6 | U39: 15
A40: Cait White | B40: Premium | C40: Ela Cross | D40: 43903 | E40: 12 | F40: 7.56 | G40: 0.6302 | H40: 16 | I40: 16.13 | J40: 1.0078 | L40: 1 | M40: 1 | N40: 0/0 | O40: 0.83333333 | T40: 0 | U40: 7
A41: Caitlin Tytler | B41: Distinguished | C41: Katherine Marino | D41: 46147 | E41: 20 | F41: 1.5 | G41: 0.075 | H41: 24 | I41: 19.5 | J41: 0.8125 | L41: 1 | N41: 0/0 | T41: 0 | U41: 0
A42: Cameron Hojecki | B42: Advanced | C42: Geoff St. Marie | D42: 45958 | E42: 20 | F42: 14.25 | G42: 0.7125 | H42: 24 | I42: 28.88 | J42: 1.2031 | K42: 0.4473 | L42: 0.707 | M42: 0.91489362 | N42: 1-Jan | O42: 0.61538461 | P42: 1 | Q42: 10 | T42: 3 | U42: 18
A43: Camryn To | B43: Distinguished | C43: Kristin Haase-Alvey | D43: 45261 | E43: 12 | F43: 8.63 | G43: 0.7188 | H43: 16 | I43: 10.19 | J43: 0.6367 | K43: 0.0846 | L43: 1 | M43: 1 | N43: 0/0 | O43: 0.4 | T43: 0 | U43: 10
A44: Cara Rabaev (McLaughlin) | B44: Distinguished | C44: Ian Plamondon | D44: 45197 | E44: 30 | F44: 31.63 | G44: 1.0542 | H44: 38 | I44: 39.38 | J44: 1.0362 | K44: 0.2694 | L44: 0.937 | M44: 0.93693694 | N44: 0/0 | O44: 1 | P44: 1 | Q44: 7 | S44: 0 | T44: 0 | U44: 38
A45: Carina Shanahan | B45: Distinguished | C45: Kristin Haase-Alvey | D45: 45757 | E45: 30 | F45: 29.88 | G45: 0.9958 | H45: 38 | I45: 34.56 | J45: 0.9095 | K45: 0.2284 | L45: 0.918 | M45: 0.97321429 | N45: 2-Jan | O45: 0.62962963 | P45: 1 | Q45: 10 | T45: 6 | U45: 42
A46: Casey Young | B46: Distinguished | C46: Ela Cross | D46: 45786 | E46: 35 | F46: 33 | G46: 0.9429 | H46: 43 | I46: 43.44 | J46: 1.0102 | K46: 0.2507 | L46: 1 | M46: 0.9921875 | N46: 6-Apr | O46: 0.83333333 | P46: 1 | Q46: 10 | T46: 11 | U46: 37
A47: Charlie Anderson | B47: Distinguished | C47: Annelies de Groot | D47: 45684 | E47: 30 | F47: 33.5 | G47: 1.1167 | H47: 38 | I47: 38.75 | J47: 1.0197 | K47: 0.0588 | L47: 0.976 | M47: 1 | N47: 0/0 | O47: 0.51851852 | T47: 1 | U47: 30
A48: Chazlee Myers | B48: Distinguished | C48: Ian Plamondon | D48: 45666 | E48: 30 | F48: 26.38 | G48: 0.8792 | H48: 38 | I48: 37.25 | J48: 0.9803 | K48: 0.2422 | L48: 0.938 | M48: 0.88461539 | N48: 0/1 | O48: 0.67857143 | P48: 1 | Q48: 10 | T48: 3 | U48: 31
A49: Chelsea Kobea | B49: Distinguished | C49: Kristin Haase-Alvey | D49: 46064 | E49: 30 | F49: 24.5 | G49: 0.8167 | H49: 38 | I49: 38.25 | J49: 1.0066 | K49: 0.508 | L49: 0.966 | M49: 0.92957747 | N49: 0/3 | O49: 1 | S49: 13 | T49: 9 | U49: 32
A50: Cheyanne Jones | B50: Distinguished | C50: Kristin Haase-Alvey | D50: 45999 | E50: 30 | F50: 32.63 | G50: 1.0875 | H50: 38 | I50: 38.88 | J50: 1.023 | K50: 0.1458 | L50: 1 | M50: 1 | N50: 1-Jan | O50: 0.92307692 | P50: 2 | Q50: 8.5 | T50: 6 | U50: 42
A51: Chris Prouty | B51: Premium | C51: Annelies de Groot | D51: 43903 | E51: 20 | F51: 19.75 | G51: 0.9875 | H51: 24 | I51: 27.5 | J51: 1.1458 | K51: 0.4166 | L51: 1 | M51: 0.98666667 | N51: 1-Jan | O51: 1 | S51: 1 | T51: 3 | U51: 22
A52: Chris Yoon | B52: Distinguished | C52: Ian Plamondon | D52: 46069 | E52: 30 | F52: 26.5 | G52: 0.8833 | H52: 38 | I52: 40.25 | J52: 1.0592 | K52: 0.3012 | L52: 0.91 | M52: 0.98076923 | N52: 0/4 | O52: 0 | P52: 2 | Q52: 10 | S52: 2 | T52: 7 | U52: 31
A53: Christelle Rocha | B53: Distinguished | C53: Annelies de Groot | D53: 45978 | E53: 30 | F53: 30 | G53: 1 | H53: 35 | I53: 40 | J53: 1.1429 | K53: 0.29 | L53: 0.954 | M53: 1 | N53: 3-Feb | O53: 0.59090909 | P53: 1 | Q53: 10 | T53: 18 | U53: 46
A54: Christian Collins | B54: Premium | C54: Ian Plamondon | D54: 43479 | E54: 30 | F54: 30 | G54: 1 | H54: 38 | I54: 45.69 | J54: 1.2023 | K54: 0.1054 | L54: 0.987 | M54: 1 | N54: 3-Mar | O54: 0.85 | T54: 6 | U54: 29
A55: Christian Steiner | B55: Distinguished | C55: Kristin Haase-Alvey | D55: 45282 | E55: 30 | F55: 32.25 | G55: 1.075 | H55: 38 | I55: 41.63 | J55: 1.0954 | K55: 0.2305 | L55: 0.972 | M55: 0.93650794 | N55: 1-Jan | O55: 0.82608696 | T55: 8 | U55: 34
A56: Christine Santos | B56: Premium | C56: Ela Cross | D56: 43441 | E56: 12 | F56: 17.13 | G56: 1.4271 | H56: 16 | I56: 22 | J56: 1.375 | K56: 0.2394 | L56: 0.806 | M56: 0.87719298 | N56: 2-Feb | O56: 1 | S56: 11 | T56: 3 | U56: 16
A57: Clark Howard | B57: Distinguished | C57: Ela Cross | D57: 45289 | E57: 30 | F57: 28.25 | G57: 0.9417 | H57: 38 | I57: 40 | J57: 1.0526 | K57: 0.1726 | L57: 0.933 | M57: 0.90909091 | N57: 2-Feb | O57: 0.8 | P57: 3 | Q57: 10 | T57: 6 | U57: 39
A58: Colin Cody | B58: Distinguished | C58: Ela Cross | D58: 45750 | E58: 30 | F58: 23.25 | G58: 0.775 | H58: 40 | I58: 45.33 | J58: 1.1333 | K58: 0.1842 | L58: 1 | M58: 0.90425532 | N58: 0/0 | O58: 1 | T58: 1 | U58: 28
A59: Conifer Oâ€™Sullivan | B59: Advanced | C59: Nikki Pencak | D59: 46168 | E59: 30 | H59: 38 | N59: 0/0 | T59: 0 | U59: 0
A60: Craig Street | B60: Distinguished | C60: Annelies de Groot | D60: 46079 | E60: 30 | F60: 24.75 | G60: 0.825 | H60: 38 | I60: 42.5 | J60: 1.1184 | K60: 0.0915 | L60: 0.063 | M60: 0.86486487 | N60: 0/4 | O60: 0.071428571 | P60: 1 | Q60: 10 | S60: 17 | T60: 9 | U60: 30
A61: Cristina Ascenzi Pettenuzzo | B61: Distinguished | C61: Ian Plamondon | D61: 45702 | E61: 30 | F61: 29 | G61: 0.9667 | H61: 38 | I61: 41.44 | J61: 1.0905 | K61: 0.2259 | L61: 0.939 | M61: 0.97368421 | N61: 2-Jan | O61: 0.82758621 | T61: 7 | U61: 38
A62: Daniel Esquivel-Reynoso | B62: Distinguished | C62: Annelies de Groot | D62: 45756 | E62: 20 | F62: 21.25 | G62: 1.0625 | H62: 24 | I62: 27.63 | J62: 1.151 | K62: 0.2297 | L62: 0.984 | M62: 1 | N62: 2-Jan | O62: 0.5 | P62: 2 | Q62: 1.5 | T62: 3 | U62: 22
A63: Daniel Olson | B63: Distinguished | C63: Annelies de Groot | D63: 45875 | E63: 30 | F63: 2 | G63: 0.0667 | H63: 38 | I63: 24.25 | J63: 0.6382 | K63: 0.4722 | L63: 0 | M63: 1 | N63: 0/0 | O63: 0.375 | T63: 0 | U63: 10
A64: Daniel Severance | B64: Premium | C64: Annelies de Groot | D64: 43322 | E64: 35 | F64: 31.88 | G64: 0.9107 | H64: 43 | I64: 52.31 | J64: 1.2166 | K64: 0.1681 | L64: 0.984 | M64: 1 | N64: 0/0 | O64: 0.82352941 | T64: 3 | U64: 21
A65: David Alcantara | B65: Distinguished | C65: Ela Cross | D65: 45191 | E65: 30 | F65: 29 | G65: 0.9667 | H65: 38 | I65: 37.06 | J65: 0.9753 | K65: 0.1142 | L65: 0.972 | M65: 1 | N65: 5-May | O65: 0.73684211 | T65: 10 | U65: 30
A66: Dehavion Knight | B66: Distinguished | C66: Ela Cross | D66: 45196 | E66: 12 | F66: 8.38 | G66: 0.6979 | H66: 16 | I66: 19.25 | J66: 1.2031 | K66: 0.1052 | L66: 0.571 | M66: 0.93333333 | N66: 0/0 | O66: 0.875 | S66: 13 | T66: 0 | U66: 8
A67: Denise Jefferson | B67: Advanced | C67: Katherine Marino | D67: 46118 | E67: 12 | F67: 0.75 | G67: 0.0625 | H67: 16 | I67: 15.25 | J67: 0.9531 | K67: 0.9166 | L67: 0.667 | M67: 1 | N67: 1-Jan | T67: 1 | U67: 1
A68: Derek Fox | B68: Advanced | C68: Geoff St. Marie | D68: 45999 | E68: 12 | F68: 11.75 | G68: 0.9792 | H68: 16 | I68: 14.19 | J68: 0.8867 | K68: 0.2884 | L68: 0.741 | M68: 0.97619048 | N68: 0/0 | O68: 0.45454545 | T68: 1 | U68: 13
A69: Diamond Anderson | B69: Distinguished | C69: Kristin Haase-Alvey | D69: 44015 | E69: 12 | F69: 10 | G69: 0.8333 | H69: 16 | I69: 13.81 | J69: 0.8633 | K69: 0.4122 | L69: 0.923 | M69: 0.97560976 | N69: 3-Feb | O69: 0.88888889 | T69: 3 | U69: 15
A70: Diana Hoyer | B70: Distinguished | C70: Ian Plamondon | D70: 44281 | E70: 35 | F70: 27.25 | G70: 0.7786 | H70: 43 | I70: 48.56 | J70: 1.1294 | K70: 0.2057 | L70: 1 | M70: 0.98 | N70: 2-Feb | O70: 1 | P70: 1 | Q70: 10 | S70: 0 | T70: 9 | U70: 31
A71: Dorothy McDaniel | B71: Premium | C71: Ian Plamondon | D71: 44613 | E71: 30 | F71: 11.25 | G71: 0.375 | H71: 30 | I71: 36.33 | J71: 1.2111 | K71: 0.2195 | L71: 0.931 | M71: 1 | N71: 0/1 | O71: 0.54545455 | T71: 0 | U71: 12
A72: Eddie Cayia | B72: Distinguished | C72: Annelies de Groot | D72: 45717 | E72: 35 | F72: 32.38 | G72: 0.925 | H72: 43 | I72: 39.75 | J72: 0.9244 | K72: 0.0884 | L72: 0.889 | M72: 0.94444444 | N72: 5-Apr | O72: 0.72 | T72: 9 | U72: 37
A73: Eddie Rodriguez | B73: Distinguished | C73: Ian Plamondon | D73: 45206 | E73: 30 | F73: 28.46 | G73: 0.9486 | H73: 38 | I73: 37.19 | J73: 0.9786 | K73: 0.1739 | L73: 0.987 | M73: 1 | N73: 1-Jan | O73: 0.66666667 | P73: 2 | Q73: 10 | T73: 3 | U73: 30
A74: Eden Rasmussen | B74: Distinguished | C74: Ian Plamondon | D74: 44330 | E74: 30 | F74: 26.75 | G74: 0.8917 | H74: 38 | I74: 38 | J74: 1 | K74: 0.1496 | L74: 0.986 | M74: 0.92 | N74: 4-Jan | O74: 0.55555556 | P74: 1 | Q74: 10 | T74: 6 | U74: 29
A75: Edwin West | B75: Distinguished | C75: Ela Cross | D75: 45264 | E75: 12 | F75: 7.5 | G75: 0.625 | H75: 16 | I75: 12.31 | J75: 0.7695 | K75: 0.0929 | L75: 1 | M75: 1 | N75: 0/0 | O75: 1 | T75: 2 | U75: 13
A76: Elain Ng | B76: Distinguished | C76: Ela Cross | D76: 45516 | E76: 20 | F76: 21.63 | G76: 1.0813 | H76: 24 | I76: 25.56 | J76: 1.0651 | K76: 0.154 | L76: 0.984 | M76: 0.97560976 | N76: 1-Jan | O76: 0.46666667 | T76: 6 | U76: 21
A77: Elijah Ramirez | B77: Premium | C77: Ian Plamondon | D77: 44240 | E77: 30 | F77: 24.63 | G77: 0.8208 | H77: 38 | I77: 44.44 | J77: 1.1694 | K77: 0.3099 | L77: 0.964 | M77: 1 | N77: 3-Feb | O77: 1 | T77: 6 | U77: 22
A78: Elizabeth Simons | B78: Distinguished | C78: Kristin Haase-Alvey | D78: 45741 | E78: 12 | F78: 13 | G78: 1.0833 | H78: 16 | I78: 17.56 | J78: 1.0977 | K78: 0.04 | L78: 1 | M78: 1 | N78: 1-Jan | O78: 0.90909091 | P78: 1 | Q78: 10 | T78: 1 | U78: 15
A79: Elliot Emadian | B79: Distinguished | C79: Annelies de Groot | D79: 45859 | E79: 30 | F79: 26.75 | G79: 0.8917 | H79: 38 | I79: 34.88 | J79: 0.9178 | K79: 0.1555 | L79: 0.765 | M79: 0.96666667 | N79: 0/0 | O79: 0.91666667 | P79: 2 | Q79: 2.5 | S79: 4 | T79: 9 | U79: 35
A80: Eric Chang | B80: Distinguished | C80: Annelies de Groot | D80: 45768 | E80: 30 | F80: 28.25 | G80: 0.9417 | H80: 38 | I80: 36.94 | J80: 0.972 | K80: 0.1684 | L80: 0.963 | M80: 0.99056604 | N80: 3-Jan | O80: 0.80769231 | T80: 10 | U80: 43
A81: Erica Ichikawa | B81: Distinguished | C81: Ela Cross | D81: 45225 | E81: 12 | F81: 11.5 | G81: 0.9583 | H81: 16 | I81: 16.13 | J81: 1.0078 | K81: 0.1315 | L81: 0.97 | M81: 1 | N81: 0/0 | O81: 0.63636364 | P81: 1 | Q81: 10 | T81: 0 | U81: 13
A82: Ernie Chu | B82: Distinguished | C82: Geoff St. Marie | D82: 45695 | E82: 30 | F82: 39.13 | G82: 1.3042 | H82: 38 | I82: 43.38 | J82: 1.1414 | K82: 0.1098 | L82: 0.963 | M82: 1 | N82: 12-Jan | O82: 0.90909091 | S82: 2 | T82: 19 | U82: 48
A83: Faith Rogers | B83: Distinguished | C83: Ian Plamondon | D83: 44330 | E83: 30 | F83: 25.13 | G83: 0.8375 | H83: 38 | I83: 38.63 | J83: 1.0164 | K83: 0.0748 | L83: 0.984 | M83: 0.96551724 | N83: 2-Feb | O83: 0.86666667 | T83: 10 | U83: 24
A84: Gabriel Saint Cyr | B84: Distinguished | C84: Geoff St. Marie | D84: 43685 | E84: 12 | F84: 5.5 | G84: 0.4583 | H84: 16 | I84: 18.25 | J84: 1.1406 | K84: 0.7884 | L84: 1 | M84: 1 | N84: 2-Jan | O84: 1 | T84: 4 | U84: 12
A85: Gale Hermes | B85: Premium | C85: Ian Plamondon | D85: 44246 | E85: 30 | F85: 22.06 | G85: 0.7354 | H85: 30 | I85: 43.25 | J85: 1.4417 | K85: 0.164 | L85: 0.809 | M85: 1 | N85: 0/1 | O85: 0.8 | S85: 7 | T85: 2 | U85: 17
A86: Gene Costa | B86: Distinguished | C86: Katherine Marino | D86: 46112 | E86: 30 | F86: 26.25 | G86: 0.875 | H86: 38 | I86: 46.13 | J86: 1.2138 | K86: 0.1858 | L86: 0.97 | M86: 1 | N86: 13-Oct | O86: 0.14285714 | P86: 1 | Q86: 10 | T86: 21 | U86: 30
A87: Gigi Glover | B87: Distinguished | C87: Ian Plamondon | D87: 43903 | E87: 30 | F87: 20.25 | G87: 0.675 | H87: 38 | I87: 45.5 | J87: 1.1974 | K87: 0.1371 | L87: 1 | M87: 0.97260274 | N87: 4-Apr | O87: 0.7 | T87: 6 | U87: 18
A88: Guha Sriram | B88: Advanced | C88: Annelies de Groot | D88: 46085 | E88: 12 | F88: 9.5 | G88: 0.7917 | H88: 16 | I88: 19.06 | J88: 1.1914 | K88: 0.227 | L88: 0.731 | M88: 0.94117647 | N88: 2-Jan | O88: 0 | P88: 1 | Q88: 10 | S88: 1 | T88: 3 | U88: 15
A89: Hannah Duliere | B89: Premium | C89: Ela Cross | D89: 44218 | E89: 30 | F89: 32.63 | G89: 1.0875 | H89: 30 | I89: 47.81 | J89: 1.5938 | K89: 0.1628 | L89: 0.985 | M89: 1 | N89: 0/0 | O89: 0.95454545 | S89: 4 | T89: 4 | U89: 26
A90: Hannah Ervitz | B90: Distinguished | C90: Kristin Haase-Alvey | D90: 45670 | E90: 20 | F90: 24.5 | G90: 1.225 | H90: 24 | I90: 27.38 | J90: 1.1406 | K90: 0.1463 | L90: 0.955 | M90: 1 | N90: 0/0 | O90: 0.95652174 | P90: 1 | Q90: 9 | T90: 3 | U90: 32
A91: Hannah Lodge | B91: Premium | C91: Ian Plamondon | D91: 43922 | E91: 30 | F91: 31.88 | G91: 1.0625 | H91: 38 | I91: 53.19 | J91: 1.3997 | K91: 0.0669 | L91: 0.911 | M91: 0.98245614 | N91: 3-Feb | O91: 0.94736842 | P91: 3 | Q91: 9.6666 | T91: 10 | U91: 28
A92: Jacey Clifton | B92: Distinguished | C92: Ela Cross | D92: 45201 | E92: 12 | F92: 11.75 | G92: 0.9792 | H92: 16 | I92: 12.5 | J92: 0.7813 | K92: 0.1111 | L92: 1 | M92: 1 | N92: 0/1 | O92: 0.6 | S92: 1 | T92: 1 | U92: 15
A93: Jackson Weier | B93: Distinguished | C93: Geoff St. Marie | D93: 46069 | E93: 12 | F93: 11.25 | G93: 0.9375 | H93: 16 | I93: 20.13 | J93: 1.2578 | K93: 0.5405 | L93: 0.968 | M93: 0.92307692 | N93: 0/1 | O93: 0.5 | T93: 4 | U93: 14
A94: Jacob Karn | B94: Distinguished | C94: Ian Plamondon | D94: 45719 | E94: 30 | F94: 20.5 | G94: 0.6833 | H94: 38 | I94: 32 | J94: 0.8421 | K94: 0.3421 | L94: 0.906 | M94: 0.93589744 | N94: 5-Apr | O94: 0.86363636 | P94: 1 | Q94: 8 | T94: 9 | U94: 32
A95: Jake Corvino | B95: Distinguished | C95: Ela Cross | D95: 45212 | E95: 12 | F95: 4 | G95: 0.3333 | H95: 16 | I95: 17.13 | J95: 1.0703 | K95: 0.1487 | L95: 0.6 | M95: 1 | N95: 0/1 | O95: 0 | T95: 1 | U95: 4
A96: Jamaul Pemberton | B96: Premium | C96: Ian Plamondon | D96: 44036 | E96: 30 | F96: 23 | G96: 0.7667 | H96: 38 | I96: 37.06 | J96: 0.9753 | K96: 0.1081 | L96: 0.952 | M96: 1 | N96: 2-Jan | O96: 0.9375 | S96: 4 | T96: 5 | U96: 25
A97: James Falconer | B97: Distinguished | C97: Ian Plamondon | D97: 45513 | E97: 35 | F97: 34.38 | G97: 0.9821 | H97: 43 | I97: 47.69 | J97: 1.109 | K97: 0.1408 | L97: 0.979 | M97: 0.99270073 | N97: 0/0 | O97: 1 | P97: 3 | Q97: 10 | T97: 6 | U97: 45
A98: Jason Anderson | B98: Distinguished | C98: Katherine Marino | D98: 46139 | E98: 30 | F98: 0.67 | G98: 0.0222 | H98: 38 | I98: 22.42 | J98: 0.5899 | L98: 0 | M98: 1 | N98: 0/0 | T98: 2 | U98: 2
A99: Jason Keller | B99: Premium | C99: Kristin Haase-Alvey | D99: 39923 | E99: 30 | F99: 28.25 | G99: 0.9417 | H99: 38 | I99: 42.5 | J99: 1.1184 | K99: 0.056 | L99: 0.958 | M99: 0.97979798 | N99: 2-Feb | O99: 0.85714286 | T99: 3 | U99: 29
A100: Jason Noble | B100: Distinguished | C100: Kristin Haase-Alvey | D100: 45510 | E100: 30 | F100: 25.5 | G100: 0.85 | H100: 38 | I100: 38.38 | J100: 1.0099 | K100: 0.2168 | L100: 0.779 | M100: 0.87878788 | N100: 0/2 | O100: 1 | T100: 4 | U100: 29
...

Sheet MasterTutor
A1: Full Name | B1: Faculty Leader | C1: Professional/Adjunct | D1: Tier
A2: Denise Jefferson | B2: Ela Cross | C2: Adjunct | D2: Distinguished
A3: Kayleigh Puliafico | B3: Ela Cross | C3: Adjunct | D3: Distinguished
A4: Nisha Fletcher | B4: Kristin Haase-Alvey | C4: Adjunct | D4: Distinguished
A5: Jackson Weier | B5: Geoff St. Marie | C5: Adjunct | D5: Distinguished
A6: Gene Costa | B6: Ela Cross | C6: Professional | D6: Distinguished
A7: Vincent Cross | B7: Kristin Haase-Alvey | C7: Professional | D7: Distinguished
A8: Kate Haldeman | B8: Geoff St. Marie | C8: Professional | D8: Advanced
A9: Justin Hill | B9: Kristin Haase-Alvey | C9: Professional | D9: Distinguished
A10: Tim Page | B10: Annelies de Groot | C10: Professional | D10: Advanced
A11: Judi Abo Hana | B11: Geoff St. Marie | C11: Adjunct | D11: Advanced
A12: Lisa Bartle | B12: Annelies de Groot | C12: Adjunct | D12: Premium
... A220: Madia Banda | B220: Geoff St. Marie | C220: Professional | D220: Advanced
