Workbook

Sheet MonthlyMetric
A1: Tutor Name | B1: Tier | C1: Adjunct/Professional | D1: Faculty Leader | E1: Date Range | F1: % to Delivery Target | G1: % to Availability Target | H1: % Sessions on Time | I1: % Parents Updates Done on Time | J1: % of Active Students with Progress Updates Completed in last 2 months | K1: Weighted Repurchases | L1: OLD PPW | M1: Ratio of PPW Events with Attached PPWs
A2: Aaron Schneberger | B2: =VLOOKUP(A2,MasterTutor!A:E,4,FALSE) -> Advanced | C2: =VLOOKUP(A2,MasterTutor!A:E,3,FALSE) -> Adjunct | D2: =VLOOKUP(A2,MasterTutor!A:E,2,FALSE) -> Ian Plamondon | E2: 1/26/25 - 2/22/25 | F2: 1.07 | G2: 1.06 | H2: 1 | I2: 1 | J2: 0.828 | K2: 9 | L2: 0.5 | M2: =L2 -> 0.5
A3: Aidan Thomason | B3: =VLOOKUP(A3,MasterTutor!A:E,4,FALSE) -> #N/A | C3: =VLOOKUP(A3,MasterTutor!A:E,3,FALSE) -> #N/A | D3: =VLOOKUP(A3,MasterTutor!A:E,2,FALSE) -> #N/A | E3: 1/26/25 - 2/22/25 | F3: 1.08 | G3: 1.14 | H3: 0.886 | I3: 1 | J3: 0.583 | K3: 2
A4: Akeema Williams | B4: =VLOOKUP(A4,MasterTutor!A:E,4,FALSE) -> Advanced | C4: =VLOOKUP(A4,MasterTutor!A:E,3,FALSE) -> Professional | D4: =VLOOKUP(A4,MasterTutor!A:E,2,FALSE) -> Ian Plamondon | E4: 1/26/25 - 2/22/25 | F4: 0.97 | G4: 1.01 | H4: 1 | I4: 1 | J4: 0.32 | K4: 6 | L4: 0 | M4: =L4 -> 0
A5: Alex Small | B5: =VLOOKUP(A5,MasterTutor!A:E,4,FALSE) -> Premium | C5: =VLOOKUP(A5,MasterTutor!A:E,3,FALSE) -> Adjunct | D5: =VLOOKUP(A5,MasterTutor!A:E,2,FALSE) -> Ela Cross | E5: 1/26/25 - 2/22/25 | F5: 0.99 | G5: 1 | H5: 1 | I5: 1 | J5: 0.778 | K5: 1 | L5: 1 | M5: =L5 -> 1
A6: Alexa Pinera | B6: =VLOOKUP(A6,MasterTutor!A:E,4,FALSE) -> Premium | C6: =VLOOKUP(A6,MasterTutor!A:E,3,FALSE) -> Professional | D6: =VLOOKUP(A6,MasterTutor!A:E,2,FALSE) -> Ian Plamondon | E6: 1/26/25 - 2/22/25 | F6: 1.16 | G6: 1.13 | H6: 0.9827 | I6: 1 | J6: 0.737 | K6: 0 | L6: 1 | M6: =L6 -> 1
A7: Alexis Boucher | B7: =VLOOKUP(A7,MasterTutor!A:E,4,FALSE) -> Distinguished | C7: =VLOOKUP(A7,MasterTutor!A:E,3,FALSE) -> Professional | D7: =VLOOKUP(A7,MasterTutor!A:E,2,FALSE) -> Ian Plamondon | E7: 1/26/25 - 2/22/25 | F7: 1.04 | G7: 1.02 | H7: 1 | I7: 1 | J7: 1 | K7: 5 | L7: 1 | M7: =L7 -> 1
A8: Alison Trumbull | B8: =VLOOKUP(A8,MasterTutor!A:E,4,FALSE) -> Premium | C8: =VLOOKUP(A8,MasterTutor!A:E,3,FALSE) -> Adjunct | D8: =VLOOKUP(A8,MasterTutor!A:E,2,FALSE) -> Geoff St. Marie | E8: 1/26/25 - 2/22/25 | F8: 1.39 | G8: 1.19 | H8: 1 | I8: 0.9565 | J8: 0.917 | K8: 2
A9: Alli Winkelmann | B9: =VLOOKUP(A9,MasterTutor!A:E,4,FALSE) -> #N/A | C9: =VLOOKUP(A9,MasterTutor!A:E,3,FALSE) -> #N/A | D9: =VLOOKUP(A9,MasterTutor!A:E,2,FALSE) -> #N/A | E9: 1/26/25 - 2/22/25 | F9: 1.38 | G9: 1.2 | H9: 0.9706 | I9: 0.9811 | J9: 1 | K9: 4 | L9: 0.8 | M9: =L9 -> 0.8
A10: Allison Peck | B10: =VLOOKUP(A10,MasterTutor!A:E,4,FALSE) -> Distinguished | C10: =VLOOKUP(A10,MasterTutor!A:E,3,FALSE) -> Adjunct | D10: =VLOOKUP(A10,MasterTutor!A:E,2,FALSE) -> Kristin Haase-Alvey | E10: 1/26/25 - 2/22/25 | F10: 0.99 | G10: 1.19 | H10: 1 | I10: 0.9355 | J10: 1 | K10: 3 | L10: 1 | M10: =L10 -> 1
A11: Amber Maldonado | B11: =VLOOKUP(A11,MasterTutor!A:E,4,FALSE) -> Advanced | C11: =VLOOKUP(A11,MasterTutor!A:E,3,FALSE) -> Professional | D11: =VLOOKUP(A11,MasterTutor!A:E,2,FALSE) -> Annelies de Groot | E11: 1/26/25 - 2/22/25 | F11: 0.41 | G11: 0.88 | H11: 1 | I11: 0.9412 | J11: 0.563 | K11: #N/A | L11: 0.33333333 | M11: =L11 -> 0.33333333
A12: Amelia Sain | B12: =VLOOKUP(A12,MasterTutor!A:E,4,FALSE) -> Premium | C12: =VLOOKUP(A12,MasterTutor!A:E,3,FALSE) -> Professional | D12: =VLOOKUP(A12,MasterTutor!A:E,2,FALSE) -> Jessica Milner | E12: 1/26/25 - 2/22/25 | F12: 0.76 | G12: 1.25 | H12: 1 | I12: 0.9412 | J12: 0.167 | K12: #N/A | L12: 0 | M12: =L12 -> 0
A13: Ana Heiser | B13: =VLOOKUP(A13,MasterTutor!A:E,4,FALSE) -> Distinguished | C13: =VLOOKUP(A13,MasterTutor!A:E,3,FALSE) -> Professional | D13: =VLOOKUP(A13,MasterTutor!A:E,2,FALSE) -> Kristin Haase-Alvey | E13: 1/26/25 - 2/22/25 | F13: 1.01 | G13: 1.01 | H13: 1 | I13: 0.7658 | J13: 0.842 | K13: 5 | L13: 1 | M13: =L13 -> 1
A14: Andrea Comstock | B14: =VLOOKUP(A14,MasterTutor!A:E,4,FALSE) -> #N/A | C14: =VLOOKUP(A14,MasterTutor!A:E,3,FALSE) -> #N/A | D14: =VLOOKUP(A14,MasterTutor!A:E,2,FALSE) -> #N/A | E14: 1/26/25 - 2/22/25 | F14: 1.25 | G14: 1.11 | H14: 1 | I14: 0.6825 | J14: 0.615 | K14: 7 | L14: 0 | M14: =L14 -> 0
A15: Andrew Brown | B15: =VLOOKUP(A15,MasterTutor!A:E,4,FALSE) -> Distinguished | C15: =VLOOKUP(A15,MasterTutor!A:E,3,FALSE) -> Professional | D15: =VLOOKUP(A15,MasterTutor!A:E,2,FALSE) -> Ian Plamondon | E15: 1/26/25 - 2/22/25 | F15: 0.99 | G15: 1.09 | H15: 0.9828 | I15: 0.9342 | J15: 0.632 | K15: 4 | L15: 0.66666667 | M15: =L15 -> 0.66666667
A16: Andrew Gehlot | B16: =VLOOKUP(A16,MasterTutor!A:E,4,FALSE) -> Premium | C16: =VLOOKUP(A16,MasterTutor!A:E,3,FALSE) -> Professional | D16: =VLOOKUP(A16,MasterTutor!A:E,2,FALSE) -> Jessica Milner | E16: 1/26/25 - 2/22/25 | F16: 0.78 | G16: 1.1 | H16: 0.9868 | I16: 0.9074 | J16: 0.769 | K16: 6 | L16: 1 | M16: =L16 -> 1
A17: Angelina Guzman | B17: =VLOOKUP(A17,MasterTutor!A:E,4,FALSE) -> #N/A | C17: =VLOOKUP(A17,MasterTutor!A:E,3,FALSE) -> #N/A | D17: =VLOOKUP(A17,MasterTutor!A:E,2,FALSE) -> #N/A | E17: 1/26/25 - 2/22/25 | F17: 1.06 | G17: 1.06 | H17: 0.961 | I17: 0.9709 | J17: 0.808 | K17: 14 | L17: 1 | M17: =L17 -> 1
A18: Anna Gilbert | B18: =VLOOKUP(A18,MasterTutor!A:E,4,FALSE) -> Distinguished | C18: =VLOOKUP(A18,MasterTutor!A:E,3,FALSE) -> Adjunct | D18: =VLOOKUP(A18,MasterTutor!A:E,2,FALSE) -> Kristin Haase-Alvey | E18: 1/26/25 - 2/22/25 | F18: 0.9 | G18: 0.83 | H18: 1 | I18: 0.9775 | J18: 0.857 | K18: 13 | L18: 1 | M18: =L18 -> 1
A19: Armand Brouty | B19: =VLOOKUP(A19,MasterTutor!A:E,4,FALSE) -> Distinguished | C19: =VLOOKUP(A19,MasterTutor!A:E,3,FALSE) -> Professional | D19: =VLOOKUP(A19,MasterTutor!A:E,2,FALSE) -> Ian Plamondon | E19: 1/26/25 - 2/22/25 | F19: 1.01 | G19: 1.68 | H19: 0.9714 | I19: 1 | J19: 0.958 | K19: 3 | L19: 0.85714286 | M19: =L19 -> 0.85714286
A20: Aryan Jazayeri | B20: =VLOOKUP(A20,MasterTutor!A:E,4,FALSE) -> Premium | C20: =VLOOKUP(A20,MasterTutor!A:E,3,FALSE) -> Adjunct | D20: =VLOOKUP(A20,MasterTutor!A:E,2,FALSE) -> Kristin Haase-Alvey | E20: 1/26/25 - 2/22/25 | F20: 0.93 | G20: 0.95 | H20: 1 | I20: 1 | J20: 0.667 | K20: #N/A | L20: 1 | M20: =L20 -> 1
A21: Ashley Lang | B21: =VLOOKUP(A21,MasterTutor!A:E,4,FALSE) -> #N/A | C21: =VLOOKUP(A21,MasterTutor!A:E,3,FALSE) -> #N/A | D21: =VLOOKUP(A21,MasterTutor!A:E,2,FALSE) -> #N/A | E21: 1/26/25 - 2/22/25 | F21: 0.98 | G21: 1 | H21: 0.9752 | I21: 0.977 | J21: 0.1 | K21: 2 | L21: 0 | M21: =L21 -> 0
A22: Ashley Scorsone | B22: =VLOOKUP(A22,MasterTutor!A:E,4,FALSE) -> Premium | C22: =VLOOKUP(A22,MasterTutor!A:E,3,FALSE) -> Professional | D22: =VLOOKUP(A22,MasterTutor!A:E,2,FALSE) -> Geoff St. Marie | E22: 1/26/25 - 2/22/25 | F22: 1.33 | G22: 1.46 | H22: 0.9046 | I22: 0.6837 | J22: 0.654 | K22: 5 | L22: 0 | M22: =L22 -> 0
A23: Asiyah Ahmed | B23: =VLOOKUP(A23,MasterTutor!A:E,4,FALSE) -> #N/A | C23: =VLOOKUP(A23,MasterTutor!A:E,3,FALSE) -> #N/A | D23: =VLOOKUP(A23,MasterTutor!A:E,2,FALSE) -> #N/A | E23: 1/26/25 - 2/22/25 | F23: 1.07 | G23: 0.9 | H23: 0.9808 | I23: 0.84 | J23: 0.688 | K23: 3 | L23: 0 | M23: =L23 -> 0
A24: Ayman Smoot | B24: =VLOOKUP(A24,MasterTutor!A:E,4,FALSE) -> Advanced | C24: =VLOOKUP(A24,MasterTutor!A:E,3,FALSE) -> Adjunct | D24: =VLOOKUP(A24,MasterTutor!A:E,2,FALSE) -> Annelies de Groot | E24: 1/26/25 - 2/22/25 | F24: 1.59 | G24: 2.34 | H24: 0.9881 | I24: 0.8909 | J24: 0.333 | K24: 2 | L24: 0.5 | M24: =L24 -> 0.5
A25: Ben Taylor | B25: =VLOOKUP(A25,MasterTutor!A:E,4,FALSE) -> Premium | C25: =VLOOKUP(A25,MasterTutor!A:E,3,FALSE) -> Professional | D25: =VLOOKUP(A25,MasterTutor!A:E,2,FALSE) -> Jessica Milner | E25: 1/26/25 - 2/22/25 | F25: 0.84 | G25: 1.08 | H25: 1 | I25: 1 | J25: 0.471 | K25: 2
A26: Blake Johnson | B26: =VLOOKUP(A26,MasterTutor!A:E,4,FALSE) -> #N/A | C26: =VLOOKUP(A26,MasterTutor!A:E,3,FALSE) -> #N/A | D26: =VLOOKUP(A26,MasterTutor!A:E,2,FALSE) -> #N/A | E26: 1/26/25 - 2/22/25 | F26: 0.97 | G26: 0.88 | H26: 0.9542 | I26: 0.9722 | J26: 0.667 | K26: 1
A27: Brenna Hubnik | B27: =VLOOKUP(A27,MasterTutor!A:E,4,FALSE) -> Advanced | C27: =VLOOKUP(A27,MasterTutor!A:E,3,FALSE) -> Adjunct | D27: =VLOOKUP(A27,MasterTutor!A:E,2,FALSE) -> Annelies de Groot | E27: 1/26/25 - 2/22/25 | F27: 2.03 | G27: 2.06 | H27: 0.9863 | I27: 0.989 | J27: 0.68 | K27: 9 | L27: 1 | M27: =L27 -> 1
A28: Brian Cohen | B28: =VLOOKUP(A28,MasterTutor!A:E,4,FALSE) -> Premium | C28: =VLOOKUP(A28,MasterTutor!A:E,3,FALSE) -> Adjunct | D28: =VLOOKUP(A28,MasterTutor!A:E,2,FALSE) -> Jessica Milner | E28: 1/26/25 - 2/22/25 | F28: 0.82 | G28: 0.93 | H28: 1 | I28: 1 | J28: 1 | K28: #N/A | L28: 1 | M28: =L28 -> 1
A29: Brian James | B29: =VLOOKUP(A29,MasterTutor!A:E,4,FALSE) -> Advanced | C29: =VLOOKUP(A29,MasterTutor!A:E,3,FALSE) -> Professional | D29: =VLOOKUP(A29,MasterTutor!A:E,2,FALSE) -> Annelies de Groot | E29: 1/26/25 - 2/22/25 | F29: 1.44 | G29: 1.3 | H29: 1 | I29: 0.8846 | J29: 0.438 | K29: 14 | L29: 0.5 | M29: =L29 -> 0.5
A30: Bryant Salinas | B30: =VLOOKUP(A30,MasterTutor!A:E,4,FALSE) -> Premium | C30: =VLOOKUP(A30,MasterTutor!A:E,3,FALSE) -> Professional | D30: =VLOOKUP(A30,MasterTutor!A:E,2,FALSE) -> Jessica Milner | E30: 1/26/25 - 2/22/25 | F30: 1.05 | G30: 1.1 | H30: 0.9443 | I30: 0.9595 | J30: 0.722 | K30: 3 | L30: 0.66666667 | M30: =L30 -> 0.66666667
A31: Cait White | B31: =VLOOKUP(A31,MasterTutor!A:E,4,FALSE) -> Premium | C31: =VLOOKUP(A31,MasterTutor!A:E,3,FALSE) -> Adjunct | D31: =VLOOKUP(A31,MasterTutor!A:E,2,FALSE) -> Ela Cross | E31: 1/26/25 - 2/22/25 | F31: 0.31 | G31: 1.24 | H31: 1 | I31: 1 | J31: #N/A | K31: #N/A
A32: Camila Calderon | B32: =VLOOKUP(A32,MasterTutor!A:E,4,FALSE) -> #N/A | C32: =VLOOKUP(A32,MasterTutor!A:E,3,FALSE) -> #N/A | D32: =VLOOKUP(A32,MasterTutor!A:E,2,FALSE) -> #N/A | E32: 1/26/25 - 2/22/25 | F32: 1.03 | G32: 1.08 | H32: 0.9715 | I32: 0.9351 | J32: 0.533 | K32: 7 | L32: 1 | M32: =L32 -> 1
A33: Camila Hernandez | B33: =VLOOKUP(A33,MasterTutor!A:E,4,FALSE) -> #N/A | C33: =VLOOKUP(A33,MasterTutor!A:E,3,FALSE) -> #N/A | D33: =VLOOKUP(A33,MasterTutor!A:E,2,FALSE) -> #N/A | E33: 1/26/25 - 2/22/25 | F33: 0.66 | G33: 0.56 | H33: 0.9778 | I33: 1 | J33: 0.375 | K33: 4 | L33: 1 | M33: =L33 -> 1
A34: Camryn To | B34: =VLOOKUP(A34,MasterTutor!A:E,4,FALSE) -> Distinguished | C34: =VLOOKUP(A34,MasterTutor!A:E,3,FALSE) -> Adjunct | D34: =VLOOKUP(A34,MasterTutor!A:E,2,FALSE) -> Kristin Haase-Alvey | E34: 1/26/25 - 2/22/25 | F34: 1.49 | G34: 1.34 | H34: 1 | I34: 1 | J34: 0.846 | K34: 5
A35: Cara Rabaev (McLaughlin) | B35: =VLOOKUP(A35,MasterTutor!A:E,4,FALSE) -> Distinguished | C35: =VLOOKUP(A35,MasterTutor!A:E,3,FALSE) -> Professional | D35: =VLOOKUP(A35,MasterTutor!A:E,2,FALSE) -> Ian Plamondon | E35: 1/26/25 - 2/22/25 | F35: 1.47 | G35: 1.57 | H35: 0.799 | I35: 0.8406 | J35: 0.6 | K35: 10 | L35: 0 | M35: =L35 -> 0
A36: Carson Hsiao | B36: =VLOOKUP(A36,MasterTutor!A:E,4,FALSE) -> #N/A | C36: =VLOOKUP(A36,MasterTutor!A:E,3,FALSE) -> #N/A | D36: =VLOOKUP(A36,MasterTutor!A:E,2,FALSE) -> #N/A | E36: 1/26/25 - 2/22/25 | F36: 1.57 | G36: 1.42 | H36: 1 | I36: 0.9831 | J36: 0.563 | K36: 6 | L36: 1 | M36: =L36 -> 1
A37: Charlie Anderson | B37: =VLOOKUP(A37,MasterTutor!A:E,4,FALSE) -> Advanced | C37: =VLOOKUP(A37,MasterTutor!A:E,3,FALSE) -> Professional | D37: =VLOOKUP(A37,MasterTutor!A:E,2,FALSE) -> Annelies de Groot | E37: 1/26/25 - 2/22/25 | F37: 0.48 | G37: 0.74 | H37: 0.9872 | I37: 0.9286 | J37: 0.765 | K37: #N/A | L37: 0.5 | M37: =L37 -> 0.5
A38: Chazlee Myers | B38: =VLOOKUP(A38,MasterTutor!A:E,4,FALSE) -> Advanced | C38: =VLOOKUP(A38,MasterTutor!A:E,3,FALSE) -> Professional | D38: =VLOOKUP(A38,MasterTutor!A:E,2,FALSE) -> Ian Plamondon | E38: 1/26/25 - 2/22/25 | F38: 0.76 | G38: 0.91 | H38: 0.9027 | I38: 0.8857 | J38: 0.625 | K38: 1 | L38: 0.25 | M38: =L38 -> 0.25
A39: Cheryl Lambert | B39: =VLOOKUP(A39,MasterTutor!A:E,4,FALSE) -> Premium | C39: =VLOOKUP(A39,MasterTutor!A:E,3,FALSE) -> Adjunct | D39: =VLOOKUP(A39,MasterTutor!A:E,2,FALSE) -> Kristin Haase-Alvey | E39: 1/26/25 - 2/22/25 | F39: 0.83 | G39: 1.19 | H39: 0.9792 | I39: 1 | J39: 0.667 | K39: 4 | L39: 1 | M39: =L39 -> 1
A40: Chris Prouty | B40: =VLOOKUP(A40,MasterTutor!A:E,4,FALSE) -> Premium | C40: =VLOOKUP(A40,MasterTutor!A:E,3,FALSE) -> Adjunct | D40: =VLOOKUP(A40,MasterTutor!A:E,2,FALSE) -> Annelies de Groot | E40: 1/26/25 - 2/22/25 | F40: 0.64 | G40: 0.74 | H40: 1 | I40: 0.9167 | J40: 1 | K40: 4
A41: Christian Collins | B41: =VLOOKUP(A41,MasterTutor!A:E,4,FALSE) -> Premium | C41: =VLOOKUP(A41,MasterTutor!A:E,3,FALSE) -> Professional | D41: =VLOOKUP(A41,MasterTutor!A:E,2,FALSE) -> Jessica Milner | E41: 1/26/25 - 2/22/25 | F41: 1.17 | G41: 1.37 | H41: 0.9919 | I41: 1 | J41: 0.6 | K41: 11
A42: Christian Steiner | B42: =VLOOKUP(A42,MasterTutor!A:E,4,FALSE) -> Advanced | C42: =VLOOKUP(A42,MasterTutor!A:E,3,FALSE) -> Professional | D42: =VLOOKUP(A42,MasterTutor!A:E,2,FALSE) -> Kristin Haase-Alvey | E42: 1/26/25 - 2/22/25 | F42: 1.56 | G42: 1.72 | H42: 0.934 | I42: 0.9773 | J42: 0.727 | K42: 4
A43: Christina Hayes | B43: =VLOOKUP(A43,MasterTutor!A:E,4,FALSE) -> Premium | C43: =VLOOKUP(A43,MasterTutor!A:E,3,FALSE) -> Professional | D43: =VLOOKUP(A43,MasterTutor!A:E,2,FALSE) -> Jessica Milner | E43: 1/26/25 - 2/22/25 | F43: 0.84 | G43: 1.08 | H43: 1 | I43: 0.9701 | J43: 0.294 | K43: #N/A | L43: 0.85714286 | M43: =L43 -> 0.85714286
A44: Christine Santos | B44: =VLOOKUP(A44,MasterTutor!A:E,4,FALSE) -> Premium | C44: =VLOOKUP(A44,MasterTutor!A:E,3,FALSE) -> Adjunct | D44: =VLOOKUP(A44,MasterTutor!A:E,2,FALSE) -> Ela Cross | E44: 1/26/25 - 2/22/25 | F44: 0.78 | G44: 0.88 | H44: 0.6713 | I44: 0.5 | J44: 0.333 | K44: 4 | L44: 1 | M44: =L44 -> 1
A45: Clark Howard | B45: =VLOOKUP(A45,MasterTutor!A:E,4,FALSE) -> Advanced | C45: =VLOOKUP(A45,MasterTutor!A:E,3,FALSE) -> Professional | D45: =VLOOKUP(A45,MasterTutor!A:E,2,FALSE) -> Ela Cross | E45: 1/26/25 - 2/22/25 | F45: 0.78 | G45: 0.93 | H45: 0.9007 | I45: 0.7246 | J45: 0.444 | K45: 9 | L45: 0.66666667 | M45: =L45 -> 0.66666667
A46: Cristina Ascenzi Pettenuzzo | B46: =VLOOKUP(A46,MasterTutor!A:E,4,FALSE) -> Advanced | C46: =VLOOKUP(A46,MasterTutor!A:E,3,FALSE) -> Professional | D46: =VLOOKUP(A46,MasterTutor!A:E,2,FALSE) -> Ian Plamondon | E46: 1/26/25 - 2/22/25 | F46: 0 | G46: 0.18 | H46: 0 | I46: 0 | J46: #N/A | K46: #N/A
A47: Daniel Severance | B47: =VLOOKUP(A47,MasterTutor!A:E,4,FALSE) -> Premium | C47: =VLOOKUP(A47,MasterTutor!A:E,3,FALSE) -> Professional | D47: =VLOOKUP(A47,MasterTutor!A:E,2,FALSE) -> Jessica Milner | E47: 1/26/25 - 2/22/25 | F47: 0.89 | G47: 1.36 | H47: 1 | I47: 0.9859 | J47: 1 | K47: 5 | L47: 0.66666667 | M47: =L47 -> 0.66666667
A48: David Alcantara | B48: =VLOOKUP(A48,MasterTutor!A:E,4,FALSE) -> Distinguished | C48: =VLOOKUP(A48,MasterTutor!A:E,3,FALSE) -> Professional | D48: =VLOOKUP(A48,MasterTutor!A:E,2,FALSE) -> Ela Cross | E48: 1/26/25 - 2/22/25 | F48: 1.06 | G48: 1.08 | H48: 1 | I48: 0.9725 | J48: 0.444 | K48: 9 | L48: 1 | M48: =L48 -> 1
A49: David Keder | B49: =VLOOKUP(A49,MasterTutor!A:E,4,FALSE) -> Advanced | C49: =VLOOKUP(A49,MasterTutor!A:E,3,FALSE) -> Adjunct | D49: =VLOOKUP(A49,MasterTutor!A:E,2,FALSE) -> Kristin Haase-Alvey | E49: 1/26/25 - 2/22/25 | F49: 1.32 | G49: 1.43 | H49: 0.9833 | I49: 0.9184 | J49: 0.636 | K49: 4
A50: Dehavion Knight | B50: =VLOOKUP(A50,MasterTutor!A:E,4,FALSE) -> Advanced | C50: =VLOOKUP(A50,MasterTutor!A:E,3,FALSE) -> Adjunct | D50: =VLOOKUP(A50,MasterTutor!A:E,2,FALSE) -> Ela Cross | E50: 1/26/25 - 2/22/25 | F50: 1.3 | G50: 1.38 | H50: 0.9722 | I50: 1 | J50: 0.857 | K50: 5 | L50: 0 | M50: =L50 -> 0
A51: Desmond Inglis | B51: =VLOOKUP(A51,MasterTutor!A:E,4,FALSE) -> #N/A | C51: =VLOOKUP(A51,MasterTutor!A:E,3,FALSE) -> #N/A | D51: =VLOOKUP(A51,MasterTutor!A:E,2,FALSE) -> #N/A | E51: 1/26/25 - 2/22/25 | F51: 1.08 | G51: 1.96 | H51: 0.958 | I51: 0.9355 | J51: 0.273 | K51: 4
A52: Diamond Anderson | B52: =VLOOKUP(A52,MasterTutor!A:E,4,FALSE) -> Advanced | C52: =VLOOKUP(A52,MasterTutor!A:E,3,FALSE) -> Adjunct | D52: =VLOOKUP(A52,MasterTutor!A:E,2,FALSE) -> Kristin Haase-Alvey | E52: 1/26/25 - 2/22/25 | F52: 1.45 | G52: 1.42 | H52: 1 | I52: 0.9487 | J52: 0.9 | K52: 8
A53: Diana Hoyer | B53: =VLOOKUP(A53,MasterTutor!A:E,4,FALSE) -> Distinguished | C53: =VLOOKUP(A53,MasterTutor!A:E,3,FALSE) -> Professional | D53: =VLOOKUP(A53,MasterTutor!A:E,2,FALSE) -> Ian Plamondon | E53: 1/26/25 - 2/22/25 | F53: 0.81 | G53: 0.99 | H53: 0.9304 | I53: 0.9886 | J53: 1 | K53: 5 | L53: 0.66666667 | M53: =L53 -> 0.66666667
A54: Dorothy McDaniel | B54: =VLOOKUP(A54,MasterTutor!A:E,4,FALSE) -> Premium | C54: =VLOOKUP(A54,MasterTutor!A:E,3,FALSE) -> Professional | D54: =VLOOKUP(A54,MasterTutor!A:E,2,FALSE) -> Ian Plamondon | E54: 1/26/25 - 2/22/25 | F54: 0.95 | G54: 1.11 | H54: 1 | I54: 1 | J54: 0.813 | K54: 4 | L54: 1 | M54: =L54 -> 1
A55: Doug Childers | B55: =VLOOKUP(A55,MasterTutor!A:E,4,FALSE) -> #N/A | C55: =VLOOKUP(A55,MasterTutor!A:E,3,FALSE) -> #N/A | D55: =VLOOKUP(A55,MasterTutor!A:E,2,FALSE) -> #N/A | E55: 1/26/25 - 2/22/25 | F55: 0.22 | G55: 0.73 | H55: 0.8571 | I55: 0.6429 | J55: 0.75 | K55: #N/A | L55: 1 | M55: =L55 -> 1
A56: Eddie Rodriguez | B56: =VLOOKUP(A56,MasterTutor!A:E,4,FALSE) -> Distinguished | C56: =VLOOKUP(A56,MasterTutor!A:E,3,FALSE) -> Professional | D56: =VLOOKUP(A56,MasterTutor!A:E,2,FALSE) -> Ian Plamondon | E56: 1/26/25 - 2/22/25 | F56: 1.01 | G56: 1.12 | H56: 1 | I56: 1 | J56: 0.917 | K56: 4 | L56: 0.5 | M56: =L56 -> 0.5
A57: Eden Rasmussen | B57: =VLOOKUP(A57,MasterTutor!A:E,4,FALSE) -> Advanced | C57: =VLOOKUP(A57,MasterTutor!A:E,3,FALSE) -> Professional | D57: =VLOOKUP(A57,MasterTutor!A:E,2,FALSE) -> Ian Plamondon | E57: 1/26/25 - 2/22/25 | F57: 0.93 | G57: 1.17 | H57: 0.9094 | I57: 0.6049 | J57: 0.278 | K57: 3 | L57: 0.6 | M57: =L57 -> 0.6
A58: Edwin West | B58: =VLOOKUP(A58,MasterTutor!A:E,4,FALSE) -> Advanced | C58: =VLOOKUP(A58,MasterTutor!A:E,3,FALSE) -> Adjunct | D58: =VLOOKUP(A58,MasterTutor!A:E,2,FALSE) -> Ela Cross | E58: 1/26/25 - 2/22/25 | F58: 1.19 | G58: 1.04 | H58: 1 | I58: 1 | J58: 1 | K58: 3 | L58: 1 | M58: =L58 -> 1
A59: Elain Ng | B59: =VLOOKUP(A59,MasterTutor!A:E,4,FALSE) -> Distinguished | C59: =VLOOKUP(A59,MasterTutor!A:E,3,FALSE) -> Professional | D59: =VLOOKUP(A59,MasterTutor!A:E,2,FALSE) -> Ela Cross | E59: 1/26/25 - 2/22/25 | F59: 1.34 | G59: 1.29 | H59: 0.9849 | I59: 1 | J59: 0.72 | K59: 13 | L59: 1 | M59: =L59 -> 1
A60: Elijah Ramirez | B60: =VLOOKUP(A60,MasterTutor!A:E,4,FALSE) -> Premium | C60: =VLOOKUP(A60,MasterTutor!A:E,3,FALSE) -> Professional | D60: =VLOOKUP(A60,MasterTutor!A:E,2,FALSE) -> Ian Plamondon | E60: 1/26/25 - 2/22/25 | F60: 1.28 | G60: 1.26 | H60: 1 | I60: 0.9756 | J60: 0.773 | K60: 1 | L60: 0.8 | M60: =L60 -> 0.8
A61: Ellyn Schinke | B61: =VLOOKUP(A61,MasterTutor!A:E,4,FALSE) -> Premium | C61: =VLOOKUP(A61,MasterTutor!A:E,3,FALSE) -> Adjunct | D61: =VLOOKUP(A61,MasterTutor!A:E,2,FALSE) -> Annelies de Groot | E61: 1/26/25 - 2/22/25 | F61: 1.18 | G61: 0.95 | H61: 1 | I61: 1 | J61: 1 | K61: 1
A62: Eric Alexander | B62: =VLOOKUP(A62,MasterTutor!A:E,4,FALSE) -> Advanced | C62: =VLOOKUP(A62,MasterTutor!A:E,3,FALSE) -> Adjunct | D62: =VLOOKUP(A62,MasterTutor!A:E,2,FALSE) -> Geoff St. Marie | E62: 1/26/25 - 2/22/25 | F62: 1.14 | G62: 1.13 | H62: 1 | I62: 0.863 | J62: 0.75 | K62: 5 | L62: 1 | M62: =L62 -> 1
A63: Erica Ichikawa | B63: =VLOOKUP(A63,MasterTutor!A:E,4,FALSE) -> Distinguished | C63: =VLOOKUP(A63,MasterTutor!A:E,3,FALSE) -> Adjunct | D63: =VLOOKUP(A63,MasterTutor!A:E,2,FALSE) -> Ela Cross | E63: 1/26/25 - 2/22/25 | F63: 1 | G63: 0.99 | H63: 1 | I63: 0.9355 | J63: 0.625 | K63: 3 | L63: 1 | M63: =L63 -> 1
A64: Ernie Chu | B64: =VLOOKUP(A64,MasterTutor!A:E,4,FALSE) -> Advanced | C64: =VLOOKUP(A64,MasterTutor!A:E,3,FALSE) -> Professional | D64: =VLOOKUP(A64,MasterTutor!A:E,2,FALSE) -> Geoff St. Marie | E64: 1/26/25 - 2/22/25 | F64: 0.22 | G64: 0.63 | H64: 1 | I64: 0.6923 | J64: 0.833 | K64: 1 | L64: 0 | M64: =L64 -> 0
A65: Eve Shames | B65: =VLOOKUP(A65,MasterTutor!A:E,4,FALSE) -> #N/A | C65: =VLOOKUP(A65,MasterTutor!A:E,3,FALSE) -> #N/A | D65: =VLOOKUP(A65,MasterTutor!A:E,2,FALSE) -> #N/A | E65: 1/26/25 - 2/22/25 | F65: 1.05 | G65: 1.08 | H65: 1 | I65: 0.9762 | J65: 0.571 | K65: 3 | L65: 1 | M65: =L65 -> 1
A66: Faith Rogers | B66: =VLOOKUP(A66,MasterTutor!A:E,4,FALSE) -> Distinguished | C66: =VLOOKUP(A66,MasterTutor!A:E,3,FALSE) -> Professional | D66: =VLOOKUP(A66,MasterTutor!A:E,2,FALSE) -> Ian Plamondon | E66: 1/26/25 - 2/22/25 | F66: 1.03 | G66: 1.06 | H66: 0.9427 | I66: 1 | J66: 0.84 | K66: 1 | L66: 0.83333333 | M66: =L66 -> 0.83333333
A67: Gabriel Saint Cyr | B67: =VLOOKUP(A67,MasterTutor!A:E,4,FALSE) -> Distinguished | C67: =VLOOKUP(A67,MasterTutor!A:E,3,FALSE) -> Adjunct | D67: =VLOOKUP(A67,MasterTutor!A:E,2,FALSE) -> Geoff St. Marie | E67: 1/26/25 - 2/22/25 | F67: 1.16 | G67: 1.19 | H67: 1 | I67: 1 | J67: 0.833 | K67: #N/A | L67: 1 | M67: =L67 -> 1
A68: Gale Hermes | B68: =VLOOKUP(A68,MasterTutor!A:E,4,FALSE) -> Premium | C68: =VLOOKUP(A68,MasterTutor!A:E,3,FALSE) -> Professional | D68: =VLOOKUP(A68,MasterTutor!A:E,2,FALSE) -> Ian Plamondon | E68: 1/26/25 - 2/22/25 | F68: 1.04 | G68: 0.92 | H68: 0.9914 | I68: 0.914 | J68: 0.636 | K68: 1
A69: Geoff St. Marie | B69: =VLOOKUP(A69,MasterTutor!A:E,4,FALSE) -> #N/A | C69: =VLOOKUP(A69,MasterTutor!A:E,3,FALSE) -> #N/A | D69: =VLOOKUP(A69,MasterTutor!A:E,2,FALSE) -> #N/A | E69: 1/26/25 - 2/22/25 | F69: 0.8 | G69: 0.85 | H69: 0.977 | I69: 0.942 | J69: 0 | K69: #N/A
A70: Gigi Glover | B70: =VLOOKUP(A70,MasterTutor!A:E,4,FALSE) -> Distinguished | C70: =VLOOKUP(A70,MasterTutor!A:E,3,FALSE) -> Professional | D70: =VLOOKUP(A70,MasterTutor!A:E,2,FALSE) -> Ian Plamondon | E70: 1/26/25 - 2/22/25 | F70: 1 | G70: 1.15 | H70: 0.9737 | I70: 0.9748 | J70: 0.538 | K70: 2 | L70: 0 | M70: =L70 -> 0
A71: Hailey Caudill | B71: =VLOOKUP(A71,MasterTutor!A:E,4,FALSE) -> Premium | C71: =VLOOKUP(A71,MasterTutor!A:E,3,FALSE) -> Adjunct | D71: =VLOOKUP(A71,MasterTutor!A:E,2,FALSE) -> Jessica Milner | E71: 1/26/25 - 2/22/25 | F71: 0.84 | G71: 1.09 | H71: 1 | I71: 1 | J71: 1 | K71: 5 | L71: 1 | M71: =L71 -> 1
A72: Hannah Duliere | B72: =VLOOKUP(A72,MasterTutor!A:E,4,FALSE) -> Premium | C72: =VLOOKUP(A72,MasterTutor!A:E,3,FALSE) -> Professional | D72: =VLOOKUP(A72,MasterTutor!A:E,2,FALSE) -> Jessica Milner | E72: 1/26/25 - 2/22/25 | F72: 1.31 | G72: 1.62 | H72: 0.9865 | I72: 1 | J72: 0.714 | K72: 1 | L72: 0.5 | M72: =L72 -> 0.5
A73: Hannah Ervitz | B73: =VLOOKUP(A73,MasterTutor!A:E,4,FALSE) -> Advanced | C73: =VLOOKUP(A73,MasterTutor!A:E,3,FALSE) -> Professional | D73: =VLOOKUP(A73,MasterTutor!A:E,2,FALSE) -> Kristin Haase-Alvey | E73: 1/26/25 - 2/22/25 | F73: 0.69 | G73: 0.9 | H73: 1 | I73: 0.7895 | J73: 0.7 | K73: 3 | L73: 0.25 | M73: =L73 -> 0.25
A74: Hannah Lodge | B74: =VLOOKUP(A74,MasterTutor!A:E,4,FALSE) -> Premium | C74: =VLOOKUP(A74,MasterTutor!A:E,3,FALSE) -> Professional | D74: =VLOOKUP(A74,MasterTutor!A:E,2,FALSE) -> Ian Plamondon | E74: 1/26/25 - 2/22/25 | F74: 1.15 | G74: 1.49 | H74: 1 | I74: 0.96 | J74: 0.96 | K74: 1 | L74: 0.6 | M74: =L74 -> 0.6
A75: Himshikha Nath | B75: =VLOOKUP(A75,MasterTutor!A:E,4,FALSE) -> #N/A | C75: =VLOOKUP(A75,MasterTutor!A:E,3,FALSE) -> #N/A | D75: =VLOOKUP(A75,MasterTutor!A:E,2,FALSE) -> #N/A | E75: 1/26/25 - 2/22/25 | F75: 0.73 | G75: 1.16 | H75: 0.9122 | I75: 0.7895 | J75: 0.75 | K75: 3 | L75: 1 | M75: =L75 -> 1
A76: Jacey Clifton | B76: =VLOOKUP(A76,MasterTutor!A:E,4,FALSE) -> Advanced | C76: =VLOOKUP(A76,MasterTutor!A:E,3,FALSE) -> Adjunct | D76: =VLOOKUP(A76,MasterTutor!A:E,2,FALSE) -> Ela Cross | E76: 1/26/25 - 2/22/25 | F76: 1.43 | G76: 1.39 | H76: 1 | I76: 1 | J76: 0.56 | K76: 13 | L76: 0.8 | M76: =L76 -> 0.8
A77: Jackson Byars | B77: =VLOOKUP(A77,MasterTutor!A:E,4,FALSE) -> Distinguished | C77: =VLOOKUP(A77,MasterTutor!A:E,3,FALSE) -> Professional | D77: =VLOOKUP(A77,MasterTutor!A:E,2,FALSE) -> Ian Plamondon | E77: 1/26/25 - 2/22/25 | F77: 1.27 | G77: 1.28 | H77: 0.9949 | I77: 0.9922 | J77: 0.927 | K77: 7 | L77: 0.875 | M77: =L77 -> 0.875
A78: Jacqueline Le | B78: =VLOOKUP(A78,MasterTutor!A:E,4,FALSE) -> #N/A | C78: =VLOOKUP(A78,MasterTutor!A:E,3,FALSE) -> #N/A | D78: =VLOOKUP(A78,MasterTutor!A:E,2,FALSE) -> #N/A | E78: 1/26/25 - 2/22/25 | F78: 0.93 | G78: 0.95 | H78: 0.9753 | I78: 0.6563 | J78: 0.833 | K78: 4 | L78: 0.57142857 | M78: =L78 -> 0.57142857
A79: Jake Corvino | B79: =VLOOKUP(A79,MasterTutor!A:E,4,FALSE) -> Advanced | C79: =VLOOKUP(A79,MasterTutor!A:E,3,FALSE) -> Adjunct | D79: =VLOOKUP(A79,MasterTutor!A:E,2,FALSE) -> Ela Cross | E79: 1/26/25 - 2/22/25 | F79: 1.33 | G79: 1.45 | H79: 0.7942 | I79: 1 | J79: 0.231 | K79: 4 | L79: 1 | M79: =L79 -> 1
A80: Jakob O’Neal | B80: =VLOOKUP(A80,MasterTutor!A:E,4,FALSE) -> #N/A | C80: =VLOOKUP(A80,MasterTutor!A:E,3,FALSE) -> #N/A | D80: =VLOOKUP(A80,MasterTutor!A:E,2,FALSE) -> #N/A | E80: 1/26/25 - 2/22/25 | F80: 0.97 | G80: 1.14 | H80: 0.7265 | I80: 0.7978 | J80: 0.333 | K80: 2 | L80: 0 | M80: =L80 -> 0
A81: Jamaul Pemberton | B81: =VLOOKUP(A81,MasterTutor!A:E,4,FALSE) -> Premium | C81: =VLOOKUP(A81,MasterTutor!A:E,3,FALSE) -> Professional | D81: =VLOOKUP(A81,MasterTutor!A:E,2,FALSE) -> Ian Plamondon | E81: 1/26/25 - 2/22/25 | F81: 0.77 | G81: 1.1 | H81: 1 | I81: 0.939 | J81: 0.632 | K81: #N/A | L81: 0.77777778 | M81: =L81 -> 0.77777778
A82: James Falconer | B82: =VLOOKUP(A82,MasterTutor!A:E,4,FALSE) -> Advanced | C82: =VLOOKUP(A82,MasterTutor!A:E,3,FALSE) -> Professional | D82: =VLOOKUP(A82,MasterTutor!A:E,2,FALSE) -> Ian Plamondon | E82: 1/26/25 - 2/22/25 | F82: 1.08 | G82: 1.14 | H82: 1 | I82: 0.904 | J82: 0.781 | K82: 8 | L82: 0.33333333 | M82: =L82 -> 0.33333333
A83: Jason Keller | B83: =VLOOKUP(A83,MasterTutor!A:E,4,FALSE) -> Premium | C83: =VLOOKUP(A83,MasterTutor!A:E,3,FALSE) -> Professional | D83: =VLOOKUP(A83,MasterTutor!A:E,2,FALSE) -> Jessica Milner | E83: 1/26/25 - 2/22/25 | F83: 0.93 | G83: 1.13 | H83: 0.9722 | I83: 1 | J83: 0.381 | K83: 2 | L83: 0.5 | M83: =L83 -> 0.5
A84: Jason Noble | B84: =VLOOKUP(A84,MasterTutor!A:E,4,FALSE) -> Advanced | C84: =VLOOKUP(A84,MasterTutor!A:E,3,FALSE) -> Professional | D84: =VLOOKUP(A84,MasterTutor!A:E,2,FALSE) -> Kristin Haase-Alvey | E84: 1/26/25 - 2/22/25 | F84: 0.9 | G84: 0.95 | H84: 0.9344 | I84: 0.96 | J84: 0.353 | K84: 6 | L84: 1 | M84: =L84 -> 1
A85: Jennifer Hernandez | B85: =VLOOKUP(A85,MasterTutor!A:E,4,FALSE) -> Distinguished | C85: =VLOOKUP(A85,MasterTutor!A:E,3,FALSE) -> Adjunct | D85: =VLOOKUP(A85,MasterTutor!A:E,2,FALSE) -> Kristin Haase-Alvey | E85: 1/26/25 - 2/22/25 | F85: 1.07 | G85: 1.14 | H85: 0.9744 | I85: 1 | J85: 0.833 | K85: 9 | L85: 1 | M85: =L85 -> 1
A86: Jesse Squires | B86: =VLOOKUP(A86,MasterTutor!A:E,4,FALSE) -> Advanced | C86: =VLOOKUP(A86,MasterTutor!A:E,3,FALSE) -> Professional | D86: =VLOOKUP(A86,MasterTutor!A:E,2,FALSE) -> Kristin Haase-Alvey | E86: 1/26/25 - 2/22/25 | F86: 0 | G86: 0.1 | H86: 0 | I86: 0 | J86: #N/A | K86: #N/A
A87: Jessica Menkhus | B87: =VLOOKUP(A87,MasterTutor!A:E,4,FALSE) -> Premium | C87: =VLOOKUP(A87,MasterTutor!A:E,3,FALSE) -> Adjunct | D87: =VLOOKUP(A87,MasterTutor!A:E,2,FALSE) -> Ela Cross | E87: 1/26/25 - 2/22/25 | F87: 1.17 | G87: 1.4 | H87: 1 | I87: 0.907 | J87: 0.909 | K87: 4 | L87: 1 | M87: =L87 -> 1
A88: Jessica Milner | B88: =VLOOKUP(A88,MasterTutor!A:E,4,FALSE) -> #N/A | C88: =VLOOKUP(A88,MasterTutor!A:E,3,FALSE) -> #N/A | D88: =VLOOKUP(A88,MasterTutor!A:E,2,FALSE) -> #N/A | E88: 1/26/25 - 2/22/25 | F88: 0.37 | G88: 1.23 | H88: 0.95 | I88: 0.6923 | J88: 0 | K88: #N/A
A89: Jessica Peterson | B89: =VLOOKUP(A89,MasterTutor!A:E,4,FALSE) -> Premium | C89: =VLOOKUP(A89,MasterTutor!A:E,3,FALSE) -> Adjunct | D89: =VLOOKUP(A89,MasterTutor!A:E,2,FALSE) -> Annelies de Groot | E89: 1/26/25 - 2/22/25 | F89: 1.58 | G89: 1.3 | H89: 0.9868 | I89: 1 | J89: 0.833 | K89: 0 | L89: 1 | M89: =L89 -> 1
A90: Jessica Wall | B90: =VLOOKUP(A90,MasterTutor!A:E,4,FALSE) -> Advanced | C90: =VLOOKUP(A90,MasterTutor!A:E,3,FALSE) -> Professional | D90: =VLOOKUP(A90,MasterTutor!A:E,2,FALSE) -> Kristin Haase-Alvey | E90: 1/26/25 - 2/22/25 | F90: 0.84 | G90: 1.05 | H90: 0.9322 | I90: 1 | J90: 0.636 | K90: 2 | L90: 1 | M90: =L90 -> 1
A91: Jia Yin | B91: =VLOOKUP(A91,MasterTutor!A:E,4,FALSE) -> #N/A | C91: =VLOOKUP(A91,MasterTutor!A:E,3,FALSE) -> #N/A | D91: =VLOOKUP(A91,MasterTutor!A:E,2,FALSE) -> #N/A | E91: 1/26/25 - 2/22/25 | F91: 1.19 | G91: 1.04 | H91: 0.9615 | I91: 0.902 | J91: 0.5 | K91: 1
A92: Jimmy Works | B92: =VLOOKUP(A92,MasterTutor!A:E,4,FALSE) -> Distinguished | C92: =VLOOKUP(A92,MasterTutor!A:E,3,FALSE) -> Adjunct | D92: =VLOOKUP(A92,MasterTutor!A:E,2,FALSE) -> Kristin Haase-Alvey | E92: 1/26/25 - 2/22/25 | F92: 0.89 | G92: 1.24 | H92: 1 | I92: 1 | J92: 0.563 | K92: #N/A | L92: 0.75 | M92: =L92 -> 0.75
A93: Joe Rotondo | B93: =VLOOKUP(A93,MasterTutor!A:E,4,FALSE) -> #N/A | C93: =VLOOKUP(A93,MasterTutor!A:E,3,FALSE) -> #N/A | D93: =VLOOKUP(A93,MasterTutor!A:E,2,FALSE) -> #N/A | E93: 1/26/25 - 2/22/25 | F93: 1.13 | G93: 1.42 | H93: 0.9353 | I93: 0.9792 | J93: 0.7 | K93: 2 | L93: 1 | M93: =L93 -> 1
A94: Johann Shetti | B94: =VLOOKUP(A94,MasterTutor!A:E,4,FALSE) -> Advanced | C94: =VLOOKUP(A94,MasterTutor!A:E,3,FALSE) -> Adjunct | D94: =VLOOKUP(A94,MasterTutor!A:E,2,FALSE) -> Annelies de Groot | E94: 1/26/25 - 2/22/25 | F94: 1.17 | G94: 1.18 | H94: 0.8892 | I94: 0.9811 | J94: 0.333 | K94: 1 | L94: 1 | M94: =L94 -> 1
A95: John Kear | B95: =VLOOKUP(A95,MasterTutor!A:E,4,FALSE) -> #N/A | C95: =VLOOKUP(A95,MasterTutor!A:E,3,FALSE) -> #N/A | D95: =VLOOKUP(A95,MasterTutor!A:E,2,FALSE) -> #N/A | E95: 1/26/25 - 2/22/25 | F95: 0.76 | G95: 1.03 | H95: 1 | I95: 0.9661 | J95: 0.286 | K95: 2 | L95: 0.5 | M95: =L95 -> 0.5
A96: John Olmos | B96: =VLOOKUP(A96,MasterTutor!A:E,4,FALSE) -> Distinguished | C96: =VLOOKUP(A96,MasterTutor!A:E,3,FALSE) -> Professional | D96: =VLOOKUP(A96,MasterTutor!A:E,2,FALSE) -> Ian Plamondon | E96: 1/26/25 - 2/22/25 | F96: 1.18 | G96: 1.36 | H96: 1 | I96: 1 | J96: 0.632 | K96: #N/A | L96: 1 | M96: =L96 -> 1
A97: Jon Cathapermal | B97: =VLOOKUP(A97,MasterTutor!A:E,4,FALSE) -> Advanced | C97: =VLOOKUP(A97,MasterTutor!A:E,3,FALSE) -> Professional | D97: =VLOOKUP(A97,MasterTutor!A:E,2,FALSE) -> Geoff St. Marie | E97: 1/26/25 - 2/22/25 | F97: 1.12 | G97: 1.29 | H97: 0.9939 | I97: 1 | J97: 0.556 | K97: 10 | L97: 1 | M97: =L97 -> 1
A98: Jon Sheppard | B98: =VLOOKUP(A98,MasterTutor!A:E,4,FALSE) -> #N/A | C98: =VLOOKUP(A98,MasterTutor!A:E,3,FALSE) -> #N/A | D98: =VLOOKUP(A98,MasterTutor!A:E,2,FALSE) -> #N/A | E98: 1/26/25 - 2/22/25 | F98: 0.44 | G98: 0.74 | H98: 0.9792 | I98: 0.3571 | J98: 0.615 | K98: #N/A | L98: 0.8 | M98: =L98 -> 0.8
A99: Jonathan Getscher | B99: =VLOOKUP(A99,MasterTutor!A:E,4,FALSE) -> #N/A | C99: =VLOOKUP(A99,MasterTutor!A:E,3,FALSE) -> #N/A | D99: =VLOOKUP(A99,MasterTutor!A:E,2,FALSE) -> #N/A | E99: 1/26/25 - 2/22/25 | F99: 0.59 | G99: 0.98 | H99: 0.9833 | I99: 0.9808 | J99: 0 | K99: #N/A | L99: 1 | M99: =L99 -> 1
A100: Jonathan Grams | B100: =VLOOKUP(A100,MasterTutor!A:E,4,FALSE) -> Premium | C100: =VLOOKUP(A100,MasterTutor!A:E,3,FALSE) -> Adjunct | D100: =VLOOKUP(A100,MasterTutor!A:E,2,FALSE) -> Kristin Haase-Alvey | E100: 1/26/25 - 2/22/25 | F100: 1.4 | G100: 1.34 | H100: 0.9494 | I100: 1 | J100: 1 | K100: #N/A | L100: 1 | M100: =L100 -> 1
...

Sheet MonthlyMetricFullData
A1: Tutor Name | B1: Current Tier | C1: Faculty Leader Name | D1: Hire Date | E1: Delivery Target | F1: Avg. Delivery Actual | G1: % to Delivery Target | H1: Availability Target | I1: Avg. Availability Actual | J1: % to Availability Target | K1: Prep Time % | L1: % Parents Updates Done on Time | M1: % Sessions on Time | N1: Ratio of PPW Events with Attached PPWs | O1: % of Active Students with Progress Updates Completed | P1: # of NPS Scores | Q1: Avg. NPS Score | R1: Weighted Repurchases | S1: Autoattendance | T1: New 1 on 1 Students | U1: total 1 on 1 students | V1: Average AI Score for Progress Updates
A2: Aaron Schneberger | B2: Advanced | C2: Ian Plamondon | D2: 45524 | E2: 12 | F2: 9.13 | G2: 0.7604 | H2: 16 | I2: 12.44 | J2: 0.7773 | K2: 0.2937 | L2: 1 | M2: 1 | O2: 0.90909091 | R2: 1 | T2: 0 | U2: 13 | V2: 4.4
A3: Akeema Williams | B3: Advanced | C3: Ian Plamondon | D3: 45519 | E3: 30 | F3: 27.75 | G3: 0.925 | H3: 38 | I3: 36.63 | J3: 0.9638 | K3: 0.2914 | L3: 0.97435897 | M3: 0.99193548 | N3: 1/7 | O3: 0.76470588 | P3: 1 | Q3: 10 | R3: 11 | T3: 15 | U3: 42
A4: Alex Small | B4: Premium | C4: Ela Cross | D4: 43907 | E4: 12 | F4: 9.63 | G4: 0.8021 | H4: 16 | I4: 24.56 | J4: 1.5352 | K4: 0.6382 | L4: 0.9 | M4: 1 | O4: 0.875 | R4: 2 | T4: 1 | U4: 11 | V4: #N/A
A5: Alexa Pinera | B5: Premium | C5: Ian Plamondon | D5: 43812 | E5: 30 | F5: 21.04 | G5: 0.7014 | H5: 38 | I5: 75.75 | J5: 1.9934 | K5: 0.0369 | L5: 1 | M5: 0.97101449 | N5: 2/3 | O5: 0.71428571 | R5: 5 | T5: 5 | U5: 17 | V5: 4
A6: Alexandra Berrios | B6: Advanced | C6: Kristin Haase-Alvey | D6: 45755 | E6: 12 | F6: 20.06 | G6: 1.6719 | H6: 16 | I6: 22 | J6: 1.375 | K6: 0.0808 | L6: 0.46969697 | M6: 1 | N6: 0/5 | O6: 0.8125 | P6: 1 | Q6: 1 | R6: 11 | S6: 19 | T6: 10 | U6: 31 | V6: #N/A
A7: Alexis Boucher | B7: Distinguished | C7: Ian Plamondon | D7: 43749 | E7: 30 | F7: 15.13 | G7: 0.5042 | H7: 38 | I7: 34.25 | J7: 0.9013 | K7: 0.0641 | L7: 0.81818182 | M7: 1 | N7: 1/1 | O7: 0.92857143 | P7: 1 | Q7: 10 | R7: 2 | T7: 2 | U7: 17
A8: Alison Trumbull | B8: Premium | C8: Geoff St. Marie | D8: 39309 | E8: 12 | F8: 4.88 | G8: 0.4063 | H8: 16 | I8: 14.44 | J8: 0.9023 | K8: 0.054 | L8: 1 | M8: 0.94444444 | O8: 1 | T8: 1 | U8: 7 | V8: 3
A9: Allison Peck | B9: Distinguished | C9: Kristin Haase-Alvey | D9: 45223 | E9: 12 | F9: 7.75 | G9: 0.6458 | H9: 16 | I9: 16.88 | J9: 1.0547 | K9: 0.1916 | L9: 1 | M9: 0.96666667 | O9: 1 | R9: 2 | T9: 0 | U9: 5 | V9: #N/A
A10: Amber Maldonado | B10: Advanced | C10: Annelies de Groot | D10: 45683 | E10: 30 | F10: 19.75 | G10: 0.6583 | H10: 38 | I10: 35.94 | J10: 0.9457 | K10: 0.3986 | L10: 0.875 | M10: 0.87878788 | N10: 2/4 | O10: 1 | P10: 1 | Q10: 10 | R10: 2 | T10: 4 | U10: 23 | V10: #N/A
A11: Amelia Sain | B11: Premium | C11: Jessica Milner | D11: 43479 | E11: 30 | F11: 14.75 | G11: 0.4917 | H11: 38 | I11: 45 | J11: 1.1842 | K11: 0.123 | L11: 1 | M11: 1 | N11: 0/2 | O11: 0.33333333 | R11: 1 | T11: 3 | U11: 11 | V11: #N/A
A12: Ana Heiser | B12: Distinguished | C12: Kristin Haase-Alvey | D12: 45538 | E12: 30 | F12: 16.88 | G12: 0.5625 | H12: 38 | I12: 38.31 | J12: 1.0082 | K12: 0.1597 | L12: 0.84210526 | M12: 1 | N12: 2/2 | O12: 0.88888889 | R12: 2 | S12: 1 | T12: 2 | U12: 13 | V12: #N/A
A13: Andres Jarquin | B13: Advanced | C13: Ian Plamondon | D13: 45876 | E13: 30 | F13: 30.88 | G13: 1.0292 | H13: 38 | I13: 37.25 | J13: 0.9803 | K13: 0.235 | L13: 0.97435897 | M13: 0.98666667 | N13: 0/1 | O13: 0.15789474 | P13: 2 | Q13: 9.5 | R13: 17 | T13: 4 | U13: 34
A14: Andrew Brown | B14: Distinguished | C14: Ian Plamondon | D14: 44218 | E14: 30 | F14: 26.13 | G14: 0.8708 | H14: 38 | I14: 53.5 | J14: 1.4079 | K14: 0.1173 | L14: 0.89830508 | M14: 0.98924731 | N14: 2/2 | O14: 0.66666667 | R14: 6 | T14: 5 | U14: 25 | V14: 4
A15: Andrew Gehlot | B15: Premium | C15: Jessica Milner | D15: 42825 | E15: 30 | F15: 14.25 | G15: 0.475 | H15: 38 | I15: 33.88 | J15: 0.8914 | K15: 0.2666 | L15: 0.96875 | M15: 0.94230769 | N15: 1/1 | O15: 0.78571429 | R15: 3 | S15: 11 | T15: 1 | U15: 16 | V15: #N/A
A16: Anna Gilbert | B16: Distinguished | C16: Kristin Haase-Alvey | D16: 45294 | E16: 12 | F16: 5.5 | G16: 0.4583 | H16: 16 | I16: 14 | J16: 0.875 | K16: 0.0476 | L16: 1 | M16: 1 | N16: 1/1 | O16: 1 | R16: 1 | T16: 1 | U16: 7 | V16: #N/A
A17: Armand Brouty | B17: Distinguished | C17: Ian Plamondon | D17: 44015 | E17: 30 | F17: 24.63 | G17: 0.8208 | H17: 38 | I17: 61.44 | J17: 1.6168 | K17: 0.1675 | L17: 1 | M17: 0.95698925 | N17: 7/7 | O17: 0.86666667 | R17: 5 | T17: 8 | U17: 22 | V17: 4.4
A18: Aryan Jazayeri | B18: Premium | C18: Kristin Haase-Alvey | D18: 44260 | E18: 20 | F18: 13.75 | G18: 0.6875 | H18: 24 | I18: 22.38 | J18: 0.9323 | K18: 0.028 | L18: 1 | M18: 1 | O18: 0.36363636 | R18: 3 | T18: 1 | U18: 11 | V18: #N/A
A19: Ashley Lang | B19: Advanced | C19: Ela Cross | D19: 45261 | E19: 30 | F19: 28.75 | G19: 0.9583 | H19: 38 | I19: 38.88 | J19: 1.023 | K19: 0.1466 | L19: 1 | M19: 0.98666667 | O19: 0.28571429 | P19: 2 | Q19: 5.5 | R19: 8 | T19: 0 | U19: 26
A20: Ashley Scorsone | B20: Premium | C20: Geoff St. Marie | D20: 42909 | E20: 35 | F20: 28.13 | G20: 0.8036 | H20: 43 | I20: 53.13 | J20: 1.2355 | K20: 0.1479 | L20: 0.890625 | M20: 0.91463415 | N20: 2/3 | O20: 0.96 | P20: 1 | Q20: 10 | R20: 14 | S20: 1 | T20: 4 | U20: 29 | V20: 3.1538462
A21: Ayman Smoot | B21: Advanced | C21: Annelies de Groot | D21: 45225 | E21: 12 | F21: 18.13 | G21: 1.5104 | H21: 16 | I21: 34.06 | J21: 2.1289 | K21: 0.4398 | L21: 0.85714286 | M21: 0.90140845 | N21: 3/5 | O21: 0.6 | R21: 5 | T21: 6 | U21: 18 | V21: #N/A
A22: Ben Chamberlain | B22: Advanced | C22: Nikki Pencak | D22: 45967 | E22: 35 | F22: 6.13 | G22: 0.175 | H22: 43 | I22: 29.38 | J22: 0.6831 | K22: 0.4418 | L22: 0.76923077 | M22: 0.95833333 | N22: 4/6 | T22: 11 | U22: 11
A23: Ben Taylor | B23: Premium | C23: Jessica Milner | D23: 44281 | E23: 30 | F23: 15.06 | G23: 0.5021 | H23: 38 | I23: 40.19 | J23: 1.0576 | K23: 0.1236 | L23: 1 | M23: 1 | O23: 1 | R23: 3 | T23: 0 | U23: 13 | V23: #N/A
A24: Brandon Engle | B24: Advanced | C24: Annelies de Groot | D24: 45853 | E24: 35 | F24: 22.25 | G24: 0.6357 | H24: 43 | I24: 46.42 | J24: 1.0795 | K24: 0.2936 | L24: 0.96610169 | M24: 0.98809524 | N24: 0/1 | O24: 0.33333333 | P24: 2 | Q24: 10 | R24: 8 | T24: 1 | U24: 30 | V24: #N/A
A25: Brandon Lora | B25: Advanced | C25: Annelies de Groot | D25: 45944 | E25: 30 | F25: 24.5 | G25: 0.8167 | H25: 38 | I25: 41.56 | J25: 1.0938 | K25: 0.188 | L25: 0.98387097 | M25: 0.98924731 | N25: 4/10 | O25: 0.33333333 | R25: 0 | T25: 20 | U25: 25 | V25: #N/A
A26: Brenna Hubnik | B26: Advanced | C26: Annelies de Groot | D26: 45194 | E26: 12 | F26: 15.13 | G26: 1.2604 | H26: 16 | I26: 19.31 | J26: 1.207 | K26: 0.2454 | L26: 1 | M26: 1 | N26: 2/2 | O26: 0.78571429 | P26: 3 | Q26: 10 | R26: 4 | T26: 3 | U26: 20 | V26: #N/A
A27: Brian Cohen | B27: Premium | C27: Jessica Milner | D27: 43536 | E27: 12 | F27: 6.38 | G27: 0.5313 | H27: 16 | I27: 16.44 | J27: 1.0273 | K27: 0.1737 | L27: 0.95 | M27: 1 | O27: 1 | R27: 2 | T27: 1 | U27: 9 | V27: #N/A
A28: Brian James | B28: Advanced | C28: Annelies de Groot | D28: 45264 | E28: 30 | F28: 38.5 | G28: 1.2833 | H28: 38 | I28: 41.88 | J28: 1.102 | K28: 0.1449 | L28: 0.98019802 | M28: 0.98816568 | N28: 1/1 | O28: 0.80645161 | P28: 2 | Q28: 10 | R28: 13 | S28: 3 | T28: 6 | U28: 38 | V28: #N/A
A29: Brock Dilley | B29: Advanced | C29: Nikki Pencak | D29: 45992 | E29: 35 | H29: 43 | T29: 0 | U29: 0
A30: Bryant Salinas | B30: Premium | C30: Jessica Milner | D30: 43363 | E30: 30 | F30: 22.5 | G30: 0.75 | H30: 38 | I30: 36 | J30: 0.9474 | K30: 0.2185 | L30: 0.87234043 | M30: 0.94047619 | N30: 2/4 | O30: 0.71428571 | P30: 1 | Q30: 5 | R30: 0 | S30: 4 | T30: 6 | U30: 19 | V30: #N/A
A31: Cait White | B31: Premium | C31: Ela Cross | D31: 43903 | E31: 12 | F31: 5 | G31: 0.4167 | H31: 16 | I31: 16.5 | J31: 1.0313 | L31: 1 | M31: 1 | N31: 1/1 | O31: 1 | T31: 1 | U31: 3 | V31: #N/A
A32: Cameron Hojecki | B32: Advanced | C32: Katherine Marino | D32: 45958 | E32: 20 | F32: 8.63 | G32: 0.4313 | H32: 24 | I32: 22.88 | J32: 0.9531 | K32: 0.9218 | L32: 0.95454545 | M32: 1 | N32: 10/10 | R32: 3 | S32: 2 | T32: 14 | U32: 14
A33: Camryn To | B33: Distinguished | C33: Kristin Haase-Alvey | D33: 45261 | E33: 12 | F33: 10.25 | G33: 0.8542 | H33: 16 | I33: 19.06 | J33: 1.1914 | K33: 0.1111 | L33: 1 | M33: 1 | O33: 1 | R33: 6 | T33: 0 | U33: 10 | V33: #N/A
A34: Cara Rabaev (McLaughlin) | B34: Distinguished | C34: Ian Plamondon | D34: 45197 | E34: 30 | F34: 22 | G34: 0.7333 | H34: 38 | I34: 44.31 | J34: 1.1661 | K34: 0.315 | L34: 1 | M34: 0.87209302 | N34: 1/7 | O34: 1 | R34: 4 | T34: 13 | U34: 32 | V34: 5
A35: Carina Shanahan | B35: Advanced | C35: Kristin Haase-Alvey | D35: 45757 | E35: 30 | F35: 31.5 | G35: 1.05 | H35: 38 | I35: 36.69 | J35: 0.9655 | K35: 0.1351 | L35: 0.97590361 | M35: 0.95238095 | N35: 4/4 | O35: 0.7 | P35: 1 | Q35: 10 | R35: 6 | T35: 6 | U35: 35 | V35: #N/A
A36: Casey Young | B36: Advanced | C36: Ela Cross | D36: 45786 | E36: 35 | F36: 30.88 | G36: 0.8821 | H36: 43 | I36: 38.5 | J36: 0.8953 | K36: 0.1572 | L36: 0.98039216 | M36: 0.98780488 | N36: 3/5 | O36: 1 | R36: 14 | T36: 6 | U36: 43 | V36: #N/A
A37: Cayden Koselak | B37: Advanced | C37: Katherine Marino | D37: 45992 | E37: 35 | H37: 43 | T37: 0 | U37: 0
A38: Cesar Moreno | B38: Advanced | C38: Ela Cross | D38: 45902 | E38: 30 | F38: 31.88 | G38: 1.0625 | H38: 38 | I38: 42.38 | J38: 1.1151 | K38: 0.3486 | L38: 0.96969697 | M38: 0.99236641 | N38: 11/11 | O38: 0.92857143 | R38: 10 | T38: 27 | U38: 49 | V38: #N/A
A39: Charlie Anderson | B39: Advanced | C39: Annelies de Groot | D39: 45684 | E39: 30 | F39: 35.38 | G39: 1.1792 | H39: 38 | I39: 40.69 | J39: 1.0707 | K39: 0.2412 | L39: 1 | M39: 0.98461538 | N39: 6/6 | O39: 0.96296296 | R39: 14 | T39: 10 | U39: 39 | V39: #N/A
A40: Chazlee Myers | B40: Advanced | C40: Ian Plamondon | D40: 45666 | E40: 30 | F40: 26.75 | G40: 0.8917 | H40: 38 | I40: 36 | J40: 0.9474 | K40: 0.2339 | L40: 0.91549296 | M40: 0.85981308 | N40: 0/5 | O40: 0.66666667 | P40: 1 | Q40: 10 | R40: 9 | T40: 5 | U40: 23 | V40: 4
A41: Cheryl Lambert | B41: Premium | C41: Kristin Haase-Alvey | D41: 41246 | E41: 12 | F41: 0 | G41: 0 | H41: 16 | T41: 0 | U41: 0
A42: Chris Prouty | B42: Premium | C42: Annelies de Groot | D42: 43903 | E42: 20 | F42: 11.5 | G42: 0.575 | H42: 24 | I42: 25.38 | J42: 1.0573 | K42: 0.2865 | L42: 0.96875 | M42: 1 | N42: 0/1 | O42: 1 | R42: 1 | T42: 1 | U42: 12 | V42: #N/A
A43: Christelle Rocha | B43: Advanced | C43: Katherine Marino | D43: 45978 | E43: 35 | F43: 0 | G43: 0 | H43: 43 | I43: 12.75 | J43: 0.2965 | T43: 0 | U43: 0
A44: Christian Collins | B44: Premium | C44: Jessica Milner | D44: 43479 | E44: 30 | F44: 26.88 | G44: 0.8958 | H44: 38 | I44: 44.56 | J44: 1.1727 | K44: 0.0857 | L44: 0.97183099 | M44: 0.99009901 | N44: 3/3 | O44: 0.95454545 | R44: 5 | S44: 1 | T44: 3 | U44: 25 | V44: #N/A
A45: Christian Steiner | B45: Advanced | C45: Kristin Haase-Alvey | D45: 45282 | E45: 30 | F45: 29.04 | G45: 0.9681 | H45: 38 | I45: 37.69 | J45: 0.9918 | K45: 0.2452 | L45: 0.9375 | M45: 0.94642857 | N45: 1/1 | O45: 0.63157895 | P45: 1 | Q45: 10 | R45: 11 | S45: 1 | T45: 8 | U45: 40 | V45: #N/A
A46: Christina Hayes | B46: Premium | C46: Jessica Milner | D46: 42576 | E46: 30 | F46: 12.88 | G46: 0.4292 | H46: 38 | I46: 36.81 | J46: 0.9688 | K46: 0.0957 | L46: 0.91176471 | M46: 1 | O46: 0.53846154 | P46: 2 | Q46: 9 | R46: 5 | T46: 0 | U46: 14 | V46: #N/A
A47: Christine Santos | B47: Premium | C47: Ela Cross | D47: 43441 | E47: 12 | F47: 10 | G47: 0.8333 | H47: 16 | I47: 22.56 | J47: 1.4102 | K47: 0.1509 | L47: 0.96153846 | M47: 0.86111111 | N47: 1/1 | O47: 0.625 | R47: 3 | S47: 27 | T47: 2 | U47: 10 | V47: #N/A
A48: Clark Howard | B48: Advanced | C48: Ela Cross | D48: 45289 | E48: 30 | F48: 20.19 | G48: 0.6729 | H48: 38 | I48: 28.06 | J48: 0.7385 | K48: 0.122 | L48: 0.61538462 | M48: 0.95652174 | N48: 3/4 | O48: 0.75 | R48: 16 | T48: 12 | U48: 41 | V48: #N/A
A49: Colin Cody | B49: Advanced | C49: Ela Cross | D49: 45750 | E49: 30 | F49: 32 | G49: 1.0667 | H49: 38 | I49: 43.19 | J49: 1.1365 | K49: 0.3851 | L49: 0.97959184 | M49: 0.91139241 | N49: 0/7 | O49: 1 | R49: 9 | T49: 11 | U49: 38 | V49: #N/A
A50: Cristina Ascenzi Pettenuzzo | B50: Advanced | C50: Ian Plamondon | D50: 45702 | E50: 30 | F50: 30.88 | G50: 1.0292 | H50: 38 | I50: 37.13 | J50: 0.977 | K50: 0.2751 | L50: 0.9382716 | M50: 0.98373984 | N50: 5/7 | O50: 0.95 | P50: 1 | Q50: 2 | R50: 11 | T50: 17 | U50: 44 | V50: 3.7692308
A51: Daniel Esquivel-Reynoso | B51: Advanced | C51: Annelies de Groot | D51: 45756 | E51: 20 | F51: 21.63 | G51: 1.0813 | H51: 24 | I51: 27.44 | J51: 1.1432 | K51: 0.2705 | L51: 1 | M51: 0.98780488 | N51: 4/4 | O51: 0.3125 | R51: 11 | T51: 6 | U51: 24 | V51: #N/A
A52: Daniel Olson | B52: Advanced | C52: Annelies de Groot | D52: 45875 | E52: 30 | F52: 31.88 | G52: 1.0625 | H52: 38 | I52: 39 | J52: 1.0263 | K52: 0.2099 | L52: 1 | M52: 0.9921875 | N52: 1/8 | O52: 0 | R52: 9 | T52: 14 | U52: 38
A53: Daniel Severance | B53: Premium | C53: Jessica Milner | D53: 43322 | E53: 35 | F53: 22.88 | G53: 0.6536 | H53: 43 | I53: 57.88 | J53: 1.3459 | K53: 0.1438 | L53: 1 | M53: 1 | N53: 1/4 | O53: 0.69230769 | R53: 2 | T53: 7 | U53: 19 | V53: #N/A
A54: David Alcantara | B54: Distinguished | C54: Ela Cross | D54: 45191 | E54: 30 | F54: 17 | G54: 0.5667 | H54: 38 | I54: 37.69 | J54: 0.9918 | K54: 0.0793 | L54: 0.97368421 | M54: 1 | N54: 3/3 | O54: 0.33333333 | R54: 4 | T54: 6 | U54: 15 | V54: #N/A
A55: David Keder | B55: Advanced | C55: Kristin Haase-Alvey | D55: 45212 | E55: 12 | F55: 13.88 | G55: 1.1563 | H55: 16 | I55: 17.63 | J55: 1.1016 | K55: 0.1456 | L55: 0.91428571 | M55: 0.7826087 | N55: 1/3 | O55: 0.44444444 | R55: 3 | S55: 10 | T55: 4 | U55: 17 | V55: #N/A
A56: Dehavion Knight | B56: Advanced | C56: Ela Cross | D56: 45196 | E56: 12 | F56: 10.44 | G56: 0.8698 | H56: 16 | I56: 21.06 | J56: 1.3164 | K56: 0.2077 | L56: 1 | M56: 0.97959184 | N56: 0/2 | O56: 1 | R56: 2 | T56: 3 | U56: 12
A57: Delphine Hintz | B57: Advanced | C57: Katherine Marino | D57: 45947 | E57: 12 | F57: 6.63 | G57: 0.5521 | H57: 16 | I57: 14.19 | J57: 0.8867 | K57: 0.6764 | L57: 1 | M57: 1 | N57: 4/6 | R57: 2 | T57: 14 | U57: 14
A58: Diamond Anderson | B58: Advanced | C58: Kristin Haase-Alvey | D58: 44015 | E58: 12 | F58: 7.88 | G58: 0.6563 | H58: 16 | I58: 17.5 | J58: 1.0938 | K58: 0.4509 | L58: 0.87096774 | M58: 0.98039216 | N58: 1/2 | O58: 0.81818182 | R58: 6 | T58: 3 | U58: 15 | V58: #N/A
A59: Diana Hoyer | B59: Distinguished | C59: Ian Plamondon | D59: 44281 | E59: 35 | F59: 25.13 | G59: 0.7179 | H59: 43 | I59: 49 | J59: 1.1395 | K59: 0.1692 | L59: 1 | M59: 0.94565217 | O59: 1 | P59: 1 | Q59: 9 | R59: 1 | T59: 1 | U59: 20 | V59: 4.4444444
A60: Dorothy McDaniel | B60: Premium | C60: Ian Plamondon | D60: 44613 | E60: 30 | F60: 0 | G60: 0 | H60: 38 | I60: 1 | J60: 0.0263 | T60: 0 | U60: 2
A61: Eddie Cayia | B61: Advanced | C61: Annelies de Groot | D61: 45717 | E61: 35 | F61: 31.13 | G61: 0.8893 | H61: 43 | I61: 36.5 | J61: 0.8488 | K61: 0.1762 | L61: 0.92307692 | M61: 0.92857143 | N61: 0/10 | O61: 0.86666667 | P61: 1 | Q61: 10 | R61: 12 | T61: 15 | U61: 41 | V61: #N/A
A62: Eddie Rodriguez | B62: Distinguished | C62: Ian Plamondon | D62: 45206 | E62: 30 | F62: 19.5 | G62: 0.65 | H62: 38 | I62: 38.69 | J62: 1.0181 | K62: 0.1816 | L62: 1 | M62: 1 | N62: 2/2 | O62: 0.64285714 | R62: 1 | T62: 4 | U62: 20 | V62: 4.4
A63: Eden Rasmussen | B63: Advanced | C63: Ian Plamondon | D63: 44330 | E63: 30 | F63: 24.25 | G63: 0.8083 | H63: 38 | I63: 35.31 | J63: 0.9293 | K63: 0.2156 | L63: 1 | M63: 0.97029703 | N63: 1/3 | O63: 0.80952381 | R63: 9 | T63: 6 | U63: 31 | V63: 3.9285714
A64: Edwin West | B64: Advanced | C64: Ela Cross | D64: 45264 | E64: 12 | F64: 10.88 | G64: 0.9063 | H64: 16 | I64: 17.17 | J64: 1.0729 | K64: 0.0883 | L64: 1 | M64: 1 | N64: 1/2 | O64: 0.90909091 | R64: 2 | T64: 2 | U64: 15 | V64: #N/A
A65: Elain Ng | B65: Distinguished | C65: Ela Cross | D65: 45516 | E65: 30 | F65: 24 | G65: 0.8 | H65: 38 | I65: 45.31 | J65: 1.1924 | K65: 0.2208 | L65: 0.94117647 | M65: 1 | N65: 2/2 | O65: 0.77777778 | P65: 1 | Q65: 10 | R65: 11 | T65: 4 | U65: 26 | V65: #N/A
A66: Elijah Ramirez | B66: Premium | C66: Ian Plamondon | D66: 44240 | E66: 30 | F66: 20 | G66: 0.6667 | H66: 38 | I66: 40.63 | J66: 1.0691 | K66: 0.234 | L66: 0.97727273 | M66: 0.97142857 | N66: 1/1 | O66: 1 | R66: 3 | T66: 1 | U66: 16 | V66: 2.5
A67: Elizabeth Simons | B67: Advanced | C67: Kristin Haase-Alvey | D67: 45741 | E67: 12 | F67: 16.63 | G67: 1.3854 | H67: 16 | I67: 21.06 | J67: 1.3164 | K67: 0.2151 | L67: 1 | M67: 0.98412698 | N67: 1/6 | O67: 0.77777778 | R67: 3 | T67: 7 | U67: 21 | V67: #N/A
A68: Elliot Emadian | B68: Advanced | C68: Annelies de Groot | D68: 45859 | E68: 30 | F68: 30.13 | G68: 1.0042 | H68: 38 | I68: 37.69 | J68: 0.9918 | K68: 0.0973 | L68: 0.98666667 | M68: 0.99122807 | N68: 8/10 | O68: 0.82352941 | P68: 4 | Q68: 6.75 | R68: 7 | T68: 20 | U68: 41 | V68: #N/A
A69: Ellyn Schinke | B69: Premium | C69: Annelies de Groot | D69: 43535 | E69: 12 | F69: 13.38 | G69: 1.1146 | H69: 16 | I69: 16 | J69: 1 | K69: 0.2738 | L69: 0.93939394 | M69: 0.95652174 | N69: 0/1 | O69: 0.75 | P69: 1 | Q69: 10 | S69: 1 | T69: 1 | U69: 14
A70: Emma Brugman | B70: Advanced | C70: Kristin Haase-Alvey | D70: 45838 | E70: 35 | F70: 33.63 | G70: 0.9607 | H70: 43 | I70: 41.88 | J70: 0.9738 | K70: 0.2677 | L70: 1 | M70: 0.98601399 | N70: 1/5 | O70: 0.090909091 | R70: 12 | S70: 6 | T70: 11 | U70: 41
A71: Eric Alexander | B71: Distinguished | C71: Geoff St. Marie | D71: 45299 | E71: 12 | F71: 5.88 | G71: 0.4896 | H71: 16 | I71: 16.81 | J71: 1.0508 | K71: 0.093 | L71: 1 | M71: 1 | O71: 1 | R71: 1 | T71: 0 | U71: 6 | V71: 5
A72: Eric Chang | B72: Advanced | C72: Annelies de Groot | D72: 45768 | E72: 30 | F72: 27.38 | G72: 0.9125 | H72: 38 | I72: 33.5 | J72: 0.8816 | K72: 0.0869 | L72: 0.98780488 | M72: 0.94392523 | N72: 2/7 | O72: 0.35294118 | R72: 21 | S72: 1 | T72: 13 | U72: 36 | V72: #N/A
A73: Erica Ichikawa | B73: Distinguished | C73: Ela Cross | D73: 45225 | E73: 12 | F73: 9.38 | G73: 0.7813 | H73: 16 | I73: 15.75 | J73: 0.9844 | K73: 0.1111 | L73: 0.625 | M73: 1 | O73: 0.77777778 | R73: 1 | S73: 2 | T73: 1 | U73: 12 | V73: #N/A
A74: Ernie Chu | B74: Advanced | C74: Geoff St. Marie | D74: 45695 | E74: 30 | F74: 42.5 | G74: 1.4167 | H74: 38 | I74: 46.25 | J74: 1.2171 | K74: 0.1468 | L74: 0.96428571 | M74: 0.99438202 | N74: 1/11 | O74: 0.85 | R74: 7 | T74: 24 | U74: 53 | V74: 2.8421053
A75: Eryn Self | B75: Advanced | C75: Kristin Haase-Alvey | D75: 45748 | E75: 12 | F75: 8.38 | G75: 0.6979 | H75: 16 | I75: 11.31 | J75: 0.707 | K75: 0.2049 | L75: 0.96153846 | M75: 1 | O75: 0.66666667 | T75: 0 | U75: 10
A76: Faith Rogers | B76: Distinguished | C76: Ian Plamondon | D76: 44330 | E76: 30 | F76: 21.5 | G76: 0.7167 | H76: 38 | I76: 34.75 | J76: 0.9145 | K76: 0.0617 | L76: 0.98039216 | M76: 0.96 | N76: 1/1 | O76: 1 | T76: 2 | U76: 19 | V76: 3
A77: Gabriel Saint Cyr | B77: Distinguished | C77: Geoff St. Marie | D77: 43685 | E77: 12 | F77: 8 | G77: 0.6667 | H77: 16 | I77: 18.38 | J77: 1.1484 | K77: 0.3363 | L77: 1 | M77: 1 | N77: 1/1 | O77: 0.71428571 | R77: 1 | T77: 4 | U77: 13 | V77: 4.2
A78: Gale Hermes | B78: Premium | C78: Ian Plamondon | D78: 44246 | E78: 30 | F78: 22.25 | G78: 0.7417 | H78: 38 | I78: 49.06 | J78: 1.2911 | K78: 0.2211 | L78: 0.94642857 | M78: 1 | N78: 0/3 | O78: 0.8125 | P78: 2 | Q78: 10 | R78: 2 | S78: 3 | T78: 3 | U78: 24 | V78: 3.3333333
A79: Gigi Glover | B79: Distinguished | C79: Ian Plamondon | D79: 43903 | E79: 30 | F79: 25.25 | G79: 0.8417 | H79: 38 | I79: 38.38 | J79: 1.0099 | K79: 0.1539 | L79: 0.98333333 | M79: 0.95744681 | N79: 1/1 | O79: 0.44444444 | P79: 1 | Q79: 10 | R79: 2 | S79: 0 | T79: 1 | U79: 12 | V79: 3.5
A80: Gillian Ware | B80: Advanced | C80: Kristin Haase-Alvey | D80: 45747 | E80: 20 | F80: 22.25 | G80: 1.1125 | H80: 24 | I80: 24 | J80: 1 | K80: 0.1194 | L80: 1 | M80: 0.98198198 | N80: 0/2 | O80: 0.85714286 | P80: 1 | Q80: 10 | R80: 13 | T80: 2 | U80: 30 | V80: #N/A
A81: Grigori Martirosyan | B81: Advanced | C81: Nikki Pencak | D81: 45964 | E81: 12 | F81: 1.5 | G81: 0.125 | H81: 16 | I81: 13.38 | J81: 0.8359 | K81: 0.4444 | L81: 0.5 | M81: 1 | N81: 0/1 | S81: 1 | T81: 4 | U81: 4
A82: Hailey Caudill | B82: Premium | C82: Jessica Milner | D82: 44050 | E82: 12 | F82: 6 | G82: 0.5 | H82: 16 | I82: 16.5 | J82: 1.0313 | K82: 0.0937 | L82: 1 | M82: 1 | O82: 1 | R82: 1 | T82: 0 | U82: 8 | V82: #N/A
A83: Hannah Duliere | B83: Premium | C83: Jessica Milner | D83: 44218 | E83: 30 | F83: 28.5 | G83: 0.9501 | H83: 38 | I83: 48.81 | J83: 1.2845 | K83: 0.1551 | L83: 0.95454545 | M83: 0.99099099 | O83: 0.80952381 | R83: 4 | T83: 3 | U83: 27 | V83: #N/A
A84: Hannah Ervitz | B84: Advanced | C84: Kristin Haase-Alvey | D84: 45670 | E84: 30 | F84: 25.63 | G84: 0.8542 | H84: 38 | I84: 38.19 | J84: 1.0049 | K84: 0.25 | L84: 0.97297297 | M84: 1 | N84: 0/3 | O84: 0.95652174 | P84: 2 | Q84: 10 | R84: 14 | T84: 7 | U84: 34 | V84: #N/A
A85: Hannah Lodge | B85: Premium | C85: Ian Plamondon | D85: 43922 | E85: 30 | F85: 27.88 | G85: 0.9292 | H85: 38 | I85: 43.69 | J85: 1.1497 | K85: 0.0917 | L85: 0.95652174 | M85: 0.99056604 | N85: 3/3 | O85: 1 | P85: 1 | Q85: 10 | R85: 3 | T85: 3 | U85: 18 | V85: 3.6666667
A86: Jacey Clifton | B86: Advanced | C86: Ela Cross | D86: 45201 | E86: 12 | F86: 15.25 | G86: 1.2708 | H86: 16 | I86: 17.94 | J86: 1.1211 | K86: 0.1605 | L86: 0.95238095 | M86: 1 | O86: 0.8125 | R86: 12 | T86: 2 | U86: 22 | V86: #N/A
A87: Jackson Byars | B87: Distinguished | C87: Ian Plamondon | D87: 45176 | E87: 30 | F87: 27.24 | G87: 0.9079 | H87: 38 | I87: 49.94 | J87: 1.3141 | K87: 0.2039 | L87: 0.88607595 | M87: 1 | N87: 0/2 | O87: 1 | P87: 1 | Q87: 10 | R87: 3 | T87: 5 | U87: 30 | V87: 2.0769231
A88: Jacob Karn | B88: Advanced | C88: Ian Plamondon | D88: 45719 | E88: 35 | F88: 22.13 | G88: 0.6321 | H88: 43 | I88: 26.81 | J88: 0.6235 | K88: 0.276 | L88: 1 | M88: 1 | N88: 2/3 | O88: 0.35714286 | P88: 2 | Q88: 8.5 | R88: 9 | T88: 8 | U88: 28
A89: Jake Corvino | B89: Advanced | C89: Ela Cross | D89: 45212 | E89: 12 | F89: 1.13 | G89: 0.0938 | H89: 16 | I89: 5 | J89: 0.3125 | K89: 0.1296 | L89: 0 | M89: 1 | O89: 0.5 | R89: 3 | S89: 0 | T89: 0 | U89: 10
A90: Jamaul Pemberton | B90: Premium | C90: Ian Plamondon | D90: 44036 | E90: 35 | F90: 18.88 | G90: 0.5393 | H90: 43 | I90: 52.38 | J90: 1.218 | K90: 0.2103 | L90: 0.93478261 | M90: 1 | O90: 1 | P90: 1 | Q90: 10 | T90: 2 | U90: 15 | V90: 4.2
A91: James Falconer | B91: Advanced | C91: Ian Plamondon | D91: 45513 | E91: 35 | F91: 31.88 | G91: 0.9107 | H91: 43 | I91: 43.69 | J91: 1.016 | K91: 0.1461 | L91: 0.95789474 | M91: 0.98461538 | N91: 4/4 | O91: 0.96296296 | R91: 11 | T91: 9 | U91: 40 | V91: 3.7857143
A92: Jason Keller | B92: Premium | C92: Jessica Milner | D92: 39923 | E92: 30 | F92: 9.88 | G92: 0.3292 | H92: 38 | I92: 35.08 | J92: 0.9232 | K92: 0.1126 | L92: 1 | M92: 1 | N92: 0/1 | O92: 0.41666667 | T92: 3 | U92: 16 | V92: #N/A
A93: Jason Noble | B93: Advanced | C93: Kristin Haase-Alvey | D93: 45510 | E93: 30 | F93: 26.13 | G93: 0.8708 | H93: 38 | I93: 35.31 | J93: 0.9293 | K93: 0.2063 | L93: 0.96103896 | M93: 0.92063492 | N93: 4/8 | O93: 0.9047619 | P93: 1 | Q93: 10 | R93: 8 | T93: 10 | U93: 33 | V93: #N/A
A94: Jayna Boaz | B94: Advanced | C94: Ela Cross | D94: 45881 | E94: 12 | F94: 12.38 | G94: 1.0313 | H94: 16 | I94: 24.63 | J94: 1.5391 | K94: 0.7164 | L94: 0.96428571 | M94: 0.92 | N94: 2/3 | O94: 1 | R94: 2 | S94: 5 | T94: 7 | U94: 13 | V94: #N/A
A95: Jennifer Hernandez | B95: Distinguished | C95: Kristin Haase-Alvey | D95: 45267 | E95: 20 | F95: 14.81 | G95: 0.7406 | H95: 24 | I95: 26.5 | J95: 1.1042 | K95: 0.2266 | L95: 0.97435897 | M95: 1 | O95: 1 | R95: 3 | T95: 1 | U95: 15 | V95: #N/A
A96: Jesse Squires | B96: Advanced | C96: Kristin Haase-Alvey | D96: 45702 | E96: 30 | F96: 24.88 | G96: 0.8292 | H96: 38 | I96: 34.56 | J96: 0.9095 | K96: 0.1163 | L96: 0.98666667 | M96: 1 | N96: 1/3 | O96: 0.83333333 | R96: 3 | S96: 1 | T96: 10 | U96: 32 | V96: #N/A
A97: Jessica Menkhus | B97: Premium | C97: Ela Cross | D97: 43917 | E97: 12 | F97: 10 | G97: 0.8333 | H97: 16 | I97: 21 | J97: 1.3125 | K97: 0.1842 | L97: 0.96428571 | M97: 1 | O97: 1 | P97: 1 | Q97: 10 | R97: 2 | T97: 0 | U97: 10 | V97: #N/A
A98: Jessica Peterson | B98: Premium | C98: Annelies de Groot | D98: 43812 | E98: 12 | F98: 2.75 | G98: 0.2292 | H98: 16 | I98: 21.33 | J98: 1.3333 | K98: 0.2314 | L98: 1 | M98: 1 | N98: 1/1 | O98: 0 | T98: 2 | U98: 4
A99: Jessica Wall | B99: Advanced | C99: Kristin Haase-Alvey | D99: 45307 | E99: 30 | F99: 26 | G99: 0.8667 | H99: 38 | I99: 37.94 | J99: 0.9984 | K99: 0.1797 | L99: 1 | M99: 1 | N99: 5/7 | O99: 0.52941176 | P99: 1 | Q99: 10 | R99: 11 | S99: 0 | T99: 10 | U99: 29 | V99: #N/A
A100: Jill Watson | B100: Advanced | C100: Katherine Marino | D100: 45968 | E100: 35 | F100: 2.88 | G100: 0.0821 | H100: 43 | I100: 16.5 | J100: 0.3837 | K100: 0.1739 | L100: 0.875 | M100: 0.9 | N100: 0/2 | T100: 7 | U100: 7
...

Sheet MasterTutor
A1: Full Name | B1: Faculty Leader | C1: Professional/Adjunct | D1: Tier | E1: Preferred Pronouns
A2: Aaron Schneberger | B2: Ian Plamondon | C2: Adjunct | D2: Advanced | E2: He/Him/His
A3: Akeema Williams | B3: Ian Plamondon | C3: Professional | D3: Advanced | E3: She/Her/Hers
A4: Alex Small | B4: Ela Cross | C4: Adjunct | D4: Premium | E4: He/Him/His
A5: Alexa Pinera | B5: Ian Plamondon | C5: Professional | D5: Premium | E5: She/Her/Hers
A6: Alexandra Berrios | B6: Kristin Haase-Alvey | C6: Adjunct | D6: Advanced | E6: She/Her/Hers
A7: Alexis Boucher | B7: Ian Plamondon | C7: Professional | D7: Distinguished | E7: She/Her/Hers
A8: Alison Trumbull | B8: Geoff St. Marie | C8: Adjunct | D8: Premium | E8: She/Her/Hers
A9: Allison Peck | B9: Kristin Haase-Alvey | C9: Adjunct | D9: Distinguished | E9: She/Her/Hers
A10: Amber Maldonado | B10: Annelies de Groot | C10: Professional | D10: Advanced | E10: She/Her/Hers
A11: Amelia Sain | B11: Jessica Milner | C11: Professional | D11: Premium | E11: She/Her/Hers
A12: Ana Heiser | B12: Kristin Haase-Alvey | C12: Professional | D12: Distinguished | E12: She/Her/Hers
... A201: Zoe Shanley | B201: Ian Plamondon | C201: Professional | D201: Advanced | E201: She/Her/Hers

Sheet AnnualReview
A1: id | B1: tutor_name | C1: tier | D1: fl | E1: hire_date | F1: delivery_target | G1: sessions_on_time | H1: prep_time | I1: weighted_repurchase | J1: number_of_nps | K1: average_nps | L1: current_sci | M1: availability_percent | N1: delivery_percent
A2: 3547 | B2: Aaron Schneberger | C2: Advanced | D2: Ian Plamondon | E2: 45524 | F2: 12 | G2: 0.997543 | H2: 0.1662 | J2: 7 | K2: 10 | L2: 93 | M2: 1.8404 | N2: =AVERAGEIF(MonthlyMetric!A:A,AnnualReview!B2,MonthlyMetric!F:F) -> 0.92094167
A3: 3544 | B3: Akeema Williams | C3: Advanced | D3: Ian Plamondon | E3: 45519 | F3: 30 | G3: 0.99690594 | H3: 0.1694 | J3: 10 | K3: 9.8 | L3: 24 | M3: 1.1121 | N3: =AVERAGEIF(MonthlyMetric!A:A,AnnualReview!B3,MonthlyMetric!F:F) -> 0.89430833
A4: 2535 | B4: Alex Small | C4: Premium | D4: Ela Cross | E4: 43907 | F4: 12 | G4: 1 | H4: 0.1207 | J4: 2 | K4: 9 | L4: 122 | M4: 1.1063 | N4: =AVERAGEIF(MonthlyMetric!A:A,AnnualReview!B4,MonthlyMetric!F:F) -> 0.68573333
A5: 2464 | B5: Alexa Pinera | C5: Premium | D5: Ian Plamondon | E5: 43812 | F5: 30 | G5: 0.97491349 | H5: 0.0509 | J5: 6 | K5: 8.8333 | L5: 54 | M5: 1.69 | N5: =AVERAGEIF(MonthlyMetric!A:A,AnnualReview!B5,MonthlyMetric!F:F) -> 0.837975
A6: 3614 | B6: Alexandra Berrios | C6: Advanced | D6: Kristin Haase-Alvey | E6: 45755 | F6: 12 | G6: 0.98913043 | H6: 0.1417 | J6: 1 | K6: 10 | L6: 42 | M6: 1.1815 | N6: =AVERAGEIF(MonthlyMetric!A:A,AnnualReview!B6,MonthlyMetric!F:F) -> 0.95271111
A7: 2421 | B7: Alexis Boucher | C7: Distinguished | D7: Ian Plamondon | E7: 43749 | F7: 30 | G7: 0.99692938 | H7: 0.0731 | J7: 7 | K7: 8.8571 | L7: 47 | M7: 0.9696 | N7: =AVERAGEIF(MonthlyMetric!A:A,AnnualReview!B7,MonthlyMetric!F:F) -> 0.74506667
A8: 44 | B8: Alison Trumbull | C8: Premium | D8: Geoff St. Marie | E8: 39309 | F8: 12 | G8: 0.97185741 | H8: 0.1199 | J8: 4 | K8: 9.75 | L8: 39 | M8: 1.0586 | N8: =AVERAGEIF(MonthlyMetric!A:A,AnnualReview!B8,MonthlyMetric!F:F) -> 1.0383333
A9: 3289 | B9: Allison Peck | C9: Distinguished | D9: Kristin Haase-Alvey | E9: 45223 | F9: 12 | G9: 1 | H9: 0.2278 | J9: 1 | K9: 7 | L9: 44 | M9: 1.0621 | N9: =AVERAGEIF(MonthlyMetric!A:A,AnnualReview!B9,MonthlyMetric!F:F) -> 0.47675
A10: 3569 | B10: Amber Maldonado | C10: Advanced | D10: Annelies de Groot | E10: 45683 | F10: 30 | G10: 0.86458333 | H10: 0.4987 | J10: 12 | K10: 10 | L10: 12 | M10: 1.0231 | N10: =AVERAGEIF(MonthlyMetric!A:A,AnnualReview!B10,MonthlyMetric!F:F) -> 0.71
A11: 2240 | B11: Amelia Sain | C11: Premium | D11: Jessica Milner | E11: 43479 | F11: 30 | G11: 0.99748111 | H11: 0.1023 | J11: 5 | K11: 9.4 | L11: 33 | M11: 1.2094 | N11: =AVERAGEIF(MonthlyMetric!A:A,AnnualReview!B11,MonthlyMetric!F:F) -> 0.59923333
A12: 3550 | B12: Ana Heiser | C12: Distinguished | D12: Kristin Haase-Alvey | E12: 45538 | F12: 30 | G12: 0.97610063 | H12: 0.1723 | J12: 5 | K12: 10 | L12: 38 | M12: 0.9598 | N12: =AVERAGEIF(MonthlyMetric!A:A,AnnualReview!B12,MonthlyMetric!F:F) -> 0.79215
A13: 3665 | B13: Andres Jarquin | C13: Advanced | D13: Ian Plamondon | E13: 45876 | F13: 30 | G13: 0.99135447 | H13: 0.1942 | J13: 2 | K13: 10 | L13: 50 | M13: 0.9521 | N13: =AVERAGEIF(MonthlyMetric!A:A,AnnualReview!B13,MonthlyMetric!F:F) -> 0.9964
... A21: 3306 | B21: Ayman Smoot | C21: Advanced | D21: Annelies de Groot | E21: 45225 | F21: 12 | G21: 0.95430108 | H21: 0.3755 | J21: 7 | K21: 8.5714 | L21: 5 | M21: 2.0529 | N21: =AVERAGEIF(MonthlyMetric!A:A,AnnualReview!B21,MonthlyMetric!F:F) -> 1.27915
A22: 3696 | B22: Ben Chamberlain | C22: Advanced | D22: Nikki Pencak | E22: 45967 | F22: 35 | L22: 8 | M22: 0.1221 | N22: =AVERAGEIF(MonthlyMetric!A:A,AnnualReview!B22,MonthlyMetric!F:F) -> 0.18
A23: 2851 | B23: Ben Taylor | C23: Premium | D23: Jessica Milner | E23: 44281 | F23: 30 | G23: 1 | H23: 0.1544 | J23: 5 | K23: 10 | L23: 114 | M23: 1.1478 | N23: =AVERAGEIF(MonthlyMetric!A:A,AnnualReview!B23,MonthlyMetric!F:F) -> 0.77760833
A24: 3654 | B24: Brandon Engle | C24: Advanced | D24: Annelies de Groot | E24: 45853 | F24: 35 | G24: 0.99759615 | H24: 0.3459 | J24: 5 | K24: 9.4 | L24: 22 | M24: 1.026 | N24: =AVERAGEIF(MonthlyMetric!A:A,AnnualReview!B24,MonthlyMetric!F:F) -> 0.84375
A25: 3686 | B25: Brandon Lora | C25: Advanced | D25: Nikki Pencak | E25: 45944 | F25: 30 | G25: 1 | H25: 0.2031 | L25: 8 | M25: 1.0181 | N25: =AVERAGEIF(MonthlyMetric!A:A,AnnualReview!B25,MonthlyMetric!F:F) -> 0.4628
A26: 3157 | B26: Brenna Hubnik | C26: Advanced | D26: Annelies de Groot | E26: 45194 | F26: 12 | G26: 0.99728507 | H26: 0.2076 | J26: 3 | K26: 10 | L26: 4 | M26: 1.3537 | N26: =AVERAGEIF(MonthlyMetric!A:A,AnnualReview!B26,MonthlyMetric!F:F) -> 1.238025
A27: 2309 | B27: Brian Cohen | C27: Premium | D27: Jessica Milner | E27: 43536 | F27: 12 | G27: 0.98557692 | H27: 0.2473 | J27: 3 | K27: 10 | L27: 58 | M27: 0.9982 | N27: =AVERAGEIF(MonthlyMetric!A:A,AnnualReview!B27,MonthlyMetric!F:F) -> 0.749375
A28: 3351 | B28: Brian James | C28: Advanced | D28: Annelies de Groot | E28: 45264 | F28: 30 | G28: 0.99631506 | H28: 0.1055 | J28: 20 | K28: 9.5 | L28: 46 | M28: 1.2711 | N28: =AVERAGEIF(MonthlyMetric!A:A,AnnualReview!B28,MonthlyMetric!F:F) -> 1.328475
A29: 2140 | B29: Bryant Salinas | C29: Premium | D29: Jessica Milner | E29: 43363 | F29: 30 | G29: 0.96080508 | H29: 0.1641 | J29: 8 | K29: 10 | L29: 165 | M29: 0.9718 | N29: =AVERAGEIF(MonthlyMetric!A:A,AnnualReview!B29,MonthlyMetric!F:F) -> 0.7
A30: 2528 | B30: Cait White | C30: Premium | D30: Ela Cross | E30: 43903 | F30: 12 | G30: 1 | H30: 0.0614 | L30: 75 | M30: 1.1317 | N30: =AVERAGEIF(MonthlyMetric!A:A,AnnualReview!B30,MonthlyMetric!F:F) -> 0.33770833
A31: 3690 | B31: Cameron Hojecki | C31: Advanced | D31: Katherine Marino | E31: 45958 | F31: 20 | L31: 0 | M31: 0.5938 | N31: =AVERAGEIF(MonthlyMetric!A:A,AnnualReview!B31,MonthlyMetric!F:F) -> 0.215
A32: 3339 | B32: Camryn To | C32: Distinguished | D32: Kristin Haase-Alvey | E32: 45261 | F32: 12 | G32: 0.99260355 | H32: 0.1093 | J32: 5 | K32: 9 | L32: 43 | M32: 1.1949 | N32: =AVERAGEIF(MonthlyMetric!A:A,AnnualReview!B32,MonthlyMetric!F:F) -> 0.99979167
A33: 3196 | B33: Cara Rabaev (McLaughlin) | C33: Distinguished | D33: Ian Plamondon | E33: 45197 | F33: 30 | G33: 0.90899471 | H33: 0.1256 | J33: 12 | K33: 9.9166 | L33: 169 | M33: 1.3064 | N33: =AVERAGEIF(MonthlyMetric!A:A,AnnualReview!B33,MonthlyMetric!F:F) -> 1.1781917
A34: 3615 | B34: Carina Shanahan | C34: Advanced | D34: Kristin Haase-Alvey | E34: 45757 | F34: 30 | G34: 0.98526316 | H34: 0.1792 | J34: 4 | K34: 8.75 | L34: 41 | M34: 0.747 | N34: =AVERAGEIF(MonthlyMetric!A:A,AnnualReview!B34,MonthlyMetric!F:F) -> 0.63333333
A35: 3632 | B35: Casey Young | C35: Advanced | D35: Ela Cross | E35: 45786 | F35: 35 | G35: 0.98156028 | H35: 0.3084 | J35: 4 | K35: 9.5 | L35: 23 | M35: 1.0317 | N35: =AVERAGEIF(MonthlyMetric!A:A,AnnualReview!B35,MonthlyMetric!F:F) -> 0.72337143
A36: 3676 | B36: Cesar Moreno | C36: Advanced | D36: Ela Cross | E36: 45902 | F36: 30 | G36: 0.99270073 | H36: 0.3676 | L36: 37 | M36: 0.9971 | N36: =AVERAGEIF(MonthlyMetric!A:A,AnnualReview!B36,MonthlyMetric!F:F) -> 0.76693333
A37: 3571 | B37: Charlie Anderson | C37: Advanced | D37: Annelies de Groot | E37: 45684 | F37: 30 | G37: 0.99463519 | H37: 0.133 | J37: 12 | K37: 9.5 | L37: 30 | M37: 1.0597 | N37: =AVERAGEIF(MonthlyMetric!A:A,AnnualReview!B37,MonthlyMetric!F:F) -> 0.87227273
A38: 3562 | B38: Chazlee Myers | C38: Advanced | D38: Ian Plamondon | E38: 45667 | F38: 30 | G38: 0.87925357 | H38: 0.2739 | J38: 9 | K38: 9.8888 | L38: 54 | M38: 0.9882 | N38: =AVERAGEIF(MonthlyMetric!A:A,AnnualReview!B38,MonthlyMetric!F:F) -> 0.74
A39: 918 | B39: Cheryl Lambert | C39: Premium | D39: Kristin Haase-Alvey | E39: 41246 | F39: 12 | G39: 0.98660714 | H39: 0.1234 | L39: 73 | M39: 1.0167 | N39: =AVERAGEIF(MonthlyMetric!A:A,AnnualReview!B39,MonthlyMetric!F:F) -> 0.40916667
A40: 2526 | B40: Chris Prouty | C40: Premium | D40: Annelies de Groot | E40: 43903 | F40: 20 | G40: 0.98958333 | H40: 0.3103 | J40: 5 | K40: 10 | L40: 107 | M40: 1.0012 | N40: =AVERAGEIF(MonthlyMetric!A:A,AnnualReview!B40,MonthlyMetric!F:F) -> 0.83248333
A41: 2243 | B41: Christian Collins | C41: Premium | D41: Jessica Milner | E41: 43479 | F41: 30 | G41: 0.99461279 | H41: 0.0932 | J41: 9 | K41: 10 | L41: 57 | M41: 1.3014 | N41: =AVERAGEIF(MonthlyMetric!A:A,AnnualReview!B41,MonthlyMetric!F:F) -> 1.0586083
A42: 3431 | B42: Christian Steiner | C42: Advanced | D42: Kristin Haase-Alvey | E42: 45282 | F42: 30 | G42: 0.91369606 | H42: 0.1702 | J42: 9 | K42: 10 | L42: 96 | M42: 0.9247 | N42: =AVERAGEIF(MonthlyMetric!A:A,AnnualReview!B42,MonthlyMetric!F:F) -> 0.84819167
A43: 1158 | B43: Christina Hayes | C43: Premium | D43: Jessica Milner | E43: 42576 | F43: 30 | G43: 0.99791883 | H43: 0.1276 | J43: 4 | K43: 9.5 | L43: 42 | M43: 1.0483 | N43: =AVERAGEIF(MonthlyMetric!A:A,AnnualReview!B43,MonthlyMetric!F:F) -> 0.678125
A44: 2204 | B44: Christine Santos | C44: Premium | D44: Ela Cross | E44: 43441 | F44: 12 | G44: 0.90184049 | H44: 0.1118 | J44: 1 | K44: 10 | L44: 78 | M44: 1.3783 | N44: =AVERAGEIF(MonthlyMetric!A:A,AnnualReview!B44,MonthlyMetric!F:F) -> 1.0261083
A45: 3456 | B45: Clark Howard | C45: Advanced | D45: Ela Cross | E45: 45289 | F45: 30 | G45: 0.92429022 | H45: 0.1084 | J45: 10 | K45: 4.6 | L45: 66 | M45: 0.984 | N45: =AVERAGEIF(MonthlyMetric!A:A,AnnualReview!B45,MonthlyMetric!F:F) -> 0.80035
A46: 3609 | B46: Colin Cody | C46: Advanced | D46: Ela Cross | E46: 45750 | F46: 30 | G46: 0.90942472 | H46: 0.3721 | J46: 4 | K46: 8.5 | L46: 26 | M46: 1.0915 | N46: =AVERAGEIF(MonthlyMetric!A:A,AnnualReview!B46,MonthlyMetric!F:F) -> 0.71564444
A47: 3584 | B47: Cristina Ascenzi Pettenuzzo | C47: Advanced | D47: Ian Plamondon | E47: 45702 | F47: 30 | G47: 0.9888424 | H47: 0.2348 | J47: 7 | K47: 8.8571 | L47: 72 | M47: 0.9071 | N47: =AVERAGEIF(MonthlyMetric!A:A,AnnualReview!B47,MonthlyMetric!F:F) -> 0.74542
A48: 3640 | B48: Cynthia Skariah | C48: Advanced | D48: Ela Cross | E48: 45792 | F48: 30 | G48: 0.99824869 | H48: 0.1345 | J48: 5 | K48: 9.8 | L48: 31 | M48: 0.9329 | N48: =AVERAGEIF(MonthlyMetric!A:A,AnnualReview!B48,MonthlyMetric!F:F) -> 0.75125
A49: 3616 | B49: Daniel Esquivel-Reynoso | C49: Advanced | D49: Annelies de Groot | E49: 45756 | F49: 20 | G49: 0.97096774 | H49: 0.3065 | J49: 3 | K49: 10 | L49: 37 | M49: 1.0366 | N49: =AVERAGEIF(MonthlyMetric!A:A,AnnualReview!B49,MonthlyMetric!F:F) -> 0.53958889
A50: 3662 | B50: Daniel Olson | C50: Advanced | D50: Annelies de Groot | E50: 45875 | F50: 30 | G50: 0.98884758 | H50: 0.2092 | L50: 65 | M50: 0.9831 | N50: =AVERAGEIF(MonthlyMetric!A:A,AnnualReview!B50,MonthlyMetric!F:F) -> 0.94223333
A51: 2073 | B51: Daniel Severance | C51: Premium | D51: Jessica Milner | E51: 43322 | F51: 35 | G51: 0.9824 | H51: 0.1241 | J51: 8 | K51: 8.375 | L51: 132 | M51: 1.218 | N51: =AVERAGEIF(MonthlyMetric!A:A,AnnualReview!B51,MonthlyMetric!F:F) -> 0.84475833
A52: 3126 | B52: David Alcantara | C52: Distinguished | D52: Ela Cross | E52: 45191 | F52: 30 | G52: 0.99720149 | H52: 0.0836 | J52: 5 | K52: 9.2 | L52: 97 | M52: 0.9596 | N52: =AVERAGEIF(MonthlyMetric!A:A,AnnualReview!B52,MonthlyMetric!F:F) -> 0.700625
A53: 3273 | B53: David Keder | C53: Advanced | D53: Kristin Haase-Alvey | E53: 45212 | F53: 12 | G53: 0.95727848 | H53: 0.1166 | J53: 4 | K53: 10 | L53: 73 | M53: 1.3116 | N53: =AVERAGEIF(MonthlyMetric!A:A,AnnualReview!B53,MonthlyMetric!F:F) -> 1.1569417
A54: 3194 | B54: Dehavion Knight | C54: Advanced | D54: Ela Cross | E54: 45196 | F54: 12 | G54: 0.96891892 | H54: 0.2449 | J54: 2 | K54: 8 | L54: 17 | M54: 1.4877 | N54: =AVERAGEIF(MonthlyMetric!A:A,AnnualReview!B54,MonthlyMetric!F:F) -> 0.96854167
A55: 3687 | B55: Delphine Hintz | C55: Advanced | D55: Katherine Marino | E55: 45947 | F55: 12 | L55: 17 | M55: 0.5 | N55: =AVERAGEIF(MonthlyMetric!A:A,AnnualReview!B55,MonthlyMetric!F:F) -> 0.275
A56: 2629 | B56: Diamond Anderson | C56: Advanced | D56: Kristin Haase-Alvey | E56: 44015 | F56: 12 | G56: 0.98745295 | H56: 0.5198 | J56: 2 | K56: 10 | L56: 40 | M56: 1.2311 | N56: =AVERAGEIF(MonthlyMetric!A:A,AnnualReview!B56,MonthlyMetric!F:F) -> 0.85038333
A57: 2844 | B57: Diana Hoyer | C57: Distinguished | D57: Ian Plamondon | E57: 44281 | F57: 35 | G57: 0.92492492 | H57: 0.1539 | J57: 7 | K57: 8.7142 | L57: 42 | M57: 1.1746 | N57: =AVERAGEIF(MonthlyMetric!A:A,AnnualReview!B57,MonthlyMetric!F:F) -> 0.81238333
A58: 2971 | B58: Dorothy McDaniel | C58: Premium | D58: Ian Plamondon | E58: 44613 | F58: 30 | G58: 1 | H58: 0.1545 | J58: 7 | K58: 8.8571 | L58: 55 | M58: 0.9827 | N58: =AVERAGEIF(MonthlyMetric!A:A,AnnualReview!B58,MonthlyMetric!F:F) -> 0.5
A59: 3591 | B59: Eddie Cayia | C59: Advanced | D59: Annelies de Groot | E59: 45717 | F59: 35 | G59: 0.89318182 | H59: 0.1744 | J59: 5 | K59: 9.8 | L59: 28 | M59: 1.0358 | N59: =AVERAGEIF(MonthlyMetric!A:A,AnnualReview!B59,MonthlyMetric!F:F) -> 0.70211
A60: 3245 | B60: Eddie Rodriguez | C60: Distinguished | D60: Ian Plamondon | E60: 45206 | F60: 30 | G60: 0.99921384 | H60: 0.1519 | J60: 4 | K60: 10 | L60: 75 | M60: 1.0947 | N60: =AVERAGEIF(MonthlyMetric!A:A,AnnualReview!B60,MonthlyMetric!F:F) -> 0.80145833
A61: 2869 | B61: Eden Rasmussen | C61: Advanced | D61: Ian Plamondon | E61: 44330 | F61: 30 | G61: 0.92036882 | H61: 0.1156 | J61: 7 | K61: 10 | L61: 26 | M61: 0.9661 | N61: =AVERAGEIF(MonthlyMetric!A:A,AnnualReview!B61,MonthlyMetric!F:F) -> 0.80270833
A62: 3344 | B62: Edwin West | C62: Advanced | D62: Ela Cross | E62: 45264 | F62: 12 | G62: 0.9982669 | H62: 0.0389 | J62: 10 | K62: 9.8 | L62: 26 | M62: 1.0039 | N62: =AVERAGEIF(MonthlyMetric!A:A,AnnualReview!B62,MonthlyMetric!F:F) -> 0.9024
A63: 3539 | B63: Elain Ng | C63: Distinguished | D63: Ela Cross | E63: 45516 | F63: 30 | G63: 0.9841083 | H63: 0.1542 | J63: 18 | K63: 8.8888 | L63: 59 | M63: 1.2328 | N63: =AVERAGEIF(MonthlyMetric!A:A,AnnualReview!B63,MonthlyMetric!F:F) -> 0.9809
A64: 2780 | B64: Elijah Ramirez | C64: Premium | D64: Ian Plamondon | E64: 44240 | F64: 30 | G64: 0.98216833 | H64: 0.1465 | J64: 10 | K64: 9.5 | L64: 91 | M64: 1.1846 | N64: =AVERAGEIF(MonthlyMetric!A:A,AnnualReview!B64,MonthlyMetric!F:F) -> 0.96205
A65: 3600 | B65: Elizabeth Simons | C65: Advanced | D65: Kristin Haase-Alvey | E65: 45741 | F65: 12 | G65: 0.99053628 | H65: 0.1199 | L65: 42 | M65: 1.3954 | N65: =AVERAGEIF(MonthlyMetric!A:A,AnnualReview!B65,MonthlyMetric!F:F) -> 0.89527778
A66: 3656 | B66: Elliot Emadian | C66: Advanced | D66: Annelies de Groot | E66: 45859 | F66: 30 | G66: 0.996337 | H66: 0.2423 | J66: 3 | K66: 8.3333 | L66: 59 | M66: 0.9556 | N66: =AVERAGEIF(MonthlyMetric!A:A,AnnualReview!B66,MonthlyMetric!F:F) -> 0.774575
A67: 2303 | B67: Ellyn Schinke | C67: Premium | D67: Annelies de Groot | E67: 43535 | F67: 12 | G67: 0.98145506 | H67: 0.0874 | J67: 1 | K67: 10 | L67: 109 | M67: 1.1692 | N67: =AVERAGEIF(MonthlyMetric!A:A,AnnualReview!B67,MonthlyMetric!F:F) -> 1.3434417
A68: 3648 | B68: Emma Brugman | C68: Advanced | D68: Kristin Haase-Alvey | E68: 45838 | F68: 35 | G68: 0.98754448 | H68: 0.2851 | J68: 1 | K68: 10 | L68: 87 | M68: 0.9663 | N68: =AVERAGEIF(MonthlyMetric!A:A,AnnualReview!B68,MonthlyMetric!F:F) -> 0.90986
A69: 3476 | B69: Eric Alexander | C69: Distinguished | D69: Geoff St. Marie | E69: 45299 | F69: 12 | G69: 0.99715505 | H69: 0.0406 | J69: 10 | K69: 9.7 | L69: 46 | M69: 1.329 | N69: =AVERAGEIF(MonthlyMetric!A:A,AnnualReview!B69,MonthlyMetric!F:F) -> 0.8858
A70: 3621 | B70: Eric Chang | C70: Advanced | D70: Annelies de Groot | E70: 45768 | F70: 30 | G70: 0.96390977 | H70: 0.089 | J70: 4 | K70: 10 | L70: 47 | M70: 1.0041 | N70: =AVERAGEIF(MonthlyMetric!A:A,AnnualReview!B70,MonthlyMetric!F:F) -> 0.82635
A71: 3304 | B71: Erica Ichikawa | C71: Distinguished | D71: Ela Cross | E71: 45225 | F71: 12 | G71: 0.98989899 | H71: 0.1049 | J71: 6 | K71: 10 | L71: 57 | M71: 1.0382 | N71: =AVERAGEIF(MonthlyMetric!A:A,AnnualReview!B71,MonthlyMetric!F:F) -> 0.77944167
A72: 3576 | B72: Ernie Chu | C72: Advanced | D72: Geoff St. Marie | E72: 45695 | F72: 30 | G72: 0.99062793 | H72: 0.1697 | J72: 4 | K72: 9.5 | L72: 34 | M72: 1.2395 | N72: =AVERAGEIF(MonthlyMetric!A:A,AnnualReview!B72,MonthlyMetric!F:F) -> 0.90924545
A73: 3606 | B73: Eryn Self | C73: Advanced | D73: Kristin Haase-Alvey | E73: 45748 | F73: 12 | G73: 1 | H73: 0.2223 | J73: 1 | K73: 7 | L73: 49 | M73: 1.1426 | N73: =AVERAGEIF(MonthlyMetric!A:A,AnnualReview!B73,MonthlyMetric!F:F) -> 0.57008889
A74: 2870 | B74: Faith Rogers | C74: Distinguished | D74: Ian Plamondon | E74: 44330 | F74: 30 | G74: 0.96165489 | H74: 0.1093 | J74: 8 | K74: 8.75 | L74: 89 | M74: 0.9958 | N74: =AVERAGEIF(MonthlyMetric!A:A,AnnualReview!B74,MonthlyMetric!F:F) -> 0.705275
A75: 2361 | B75: Gabriel Saint Cyr | C75: Distinguished | D75: Geoff St. Marie | E75: 43685 | F75: 12 | G75: 1 | H75: 0.1955 | J75: 1 | K75: 8 | L75: 32 | M75: 1.0496 | N75: =AVERAGEIF(MonthlyMetric!A:A,AnnualReview!B75,MonthlyMetric!F:F) -> 0.65836667
A76: 2794 | B76: Gale Hermes | C76: Premium | D76: Ian Plamondon | E76: 44246 | F76: 30 | G76: 0.98688811 | H76: 0.0885 | J76: 10 | K76: 9.6 | L76: 71 | M76: 1.1366 | N76: =AVERAGEIF(MonthlyMetric!A:A,AnnualReview!B76,MonthlyMetric!F:F) -> 0.78625
A77: 2527 | B77: Gigi Glover | C77: Distinguished | D77: Ian Plamondon | E77: 43903 | F77: 30 | G77: 0.9795122 | H77: 0.1485 | J77: 9 | K77: 8.3333 | L77: 43 | M77: 1.1807 | N77: =AVERAGEIF(MonthlyMetric!A:A,AnnualReview!B77,MonthlyMetric!F:F) -> 0.75198333
... A79: 3636 | B79: Greg Carroll | C79: Advanced | D79: Kristin Haase-Alvey | E79: 45789 | F79: 30 | G79: 0.83529412 | H79: 0.0854 | J79: 2 | K79: 10 | L79: 80 | M79: 1.0233 | N79: =AVERAGEIF(MonthlyMetric!A:A,AnnualReview!B79,MonthlyMetric!F:F) -> 0.86356667
A80: 3693 | B80: Grigori Martirosyan | C80: Advanced | D80: Nikki Pencak | E80: 45964 | F80: 12 | L80: 0 | M80: 0.5938 | N80: =AVERAGEIF(MonthlyMetric!A:A,AnnualReview!B80,MonthlyMetric!F:F) -> 0.065
A81: 2660 | B81: Hailey Caudill | C81: Premium | D81: Jessica Milner | E81: 44050 | F81: 12 | G81: 0.9985755 | H81: 0.1994 | J81: 4 | K81: 10 | L81: 111 | M81: 2.2326 | N81: =AVERAGEIF(MonthlyMetric!A:A,AnnualReview!B81,MonthlyMetric!F:F) -> 0.75045
A82: 2759 | B82: Hannah Duliere | C82: Premium | D82: Jessica Milner | E82: 44218 | F82: 30 | G82: 0.98799199 | H82: 0.1436 | J82: 8 | K82: 9.75 | L82: 127 | M82: 1.4585 | N82: =AVERAGEIF(MonthlyMetric!A:A,AnnualReview!B82,MonthlyMetric!F:F) -> 1.004325
A83: 3564 | B83: Hannah Ervitz | C83: Advanced | D83: Kristin Haase-Alvey | E83: 45670 | F83: 30 | G83: 0.99569429 | H83: 0.2781 | J83: 10 | K83: 9.4 | L83: 92 | M83: 0.9368 | N83: =AVERAGEIF(MonthlyMetric!A:A,AnnualReview!B83,MonthlyMetric!F:F) -> 0.7375
A84: 2582 | B84: Hannah Lodge | C84: Premium | D84: Ian Plamondon | E84: 43922 | F84: 30 | G84: 0.99226804 | H84: 0.061 | J84: 10 | K84: 9.8 | L84: 73 | M84: 1.5302 | N84: =AVERAGEIF(MonthlyMetric!A:A,AnnualReview!B84,MonthlyMetric!F:F) -> 1.06715
A85: 3222 | B85: Jacey Clifton | C85: Advanced | D85: Ela Cross | E85: 45201 | F85: 12 | G85: 0.98980459 | H85: 0.1406 | J85: 4 | K85: 7.25 | L85: 4 | M85: 1.5043 | N85: =AVERAGEIF(MonthlyMetric!A:A,AnnualReview!B85,MonthlyMetric!F:F) -> 1.0127083
A86: 3112 | B86: Jackson Byars | C86: Distinguished | D86: Ian Plamondon | E86: 45176 | F86: 30 | G86: 0.99623251 | H86: 0.2179 | J86: 9 | K86: 9.1111 | L86: 213 | M86: 1.4018 | N86: =AVERAGEIF(MonthlyMetric!A:A,AnnualReview!B86,MonthlyMetric!F:F) -> 1.0212083
A87: 3592 | B87: Jacob Karn | C87: Advanced | D87: Ian Plamondon | E87: 45719 | F87: 20 | G87: 0.96286472 | H87: 0.144 | J87: 3 | K87: 10 | L87: 46 | M87: 0.987 | N87: =AVERAGEIF(MonthlyMetric!A:A,AnnualReview!B87,MonthlyMetric!F:F) -> 0.5585
A88: 3268 | B88: Jake Corvino | C88: Advanced | D88: Ela Cross | E88: 45212 | F88: 12 | G88: 0.86146497 | H88: 0.3162 | J88: 9 | K88: 9.6666 | L88: 26 | M88: 1.2749 | N88: =AVERAGEIF(MonthlyMetric!A:A,AnnualReview!B88,MonthlyMetric!F:F) -> 0.99485833
A89: 2650 | B89: Jamaul Pemberton | C89: Premium | D89: Ian Plamondon | E89: 44036 | F89: 35 | G89: 0.99659574 | H89: 0.1329 | J89: 3 | K89: 7.6666 | L89: 104 | M89: 1.1105 | N89: =AVERAGEIF(MonthlyMetric!A:A,AnnualReview!B89,MonthlyMetric!F:F) -> 0.688175
A90: 3535 | B90: James Falconer | C90: Advanced | D90: Ian Plamondon | E90: 45513 | F90: 35 | G90: 0.99824766 | H90: 0.1493 | J90: 14 | K90: 9.5 | L90: 87 | M90: 1.0299 | N90: =AVERAGEIF(MonthlyMetric!A:A,AnnualReview!B90,MonthlyMetric!F:F) -> 0.93845
A91: 104 | B91: Jason Keller | C91: Premium | D91: Jessica Milner | E91: 39923 | F91: 30 | G91: 0.97855918 | H91: 0.0723 | J91: 11 | K91: 10 | L91: 181 | M91: 1.1142 | N91: =AVERAGEIF(MonthlyMetric!A:A,AnnualReview!B91,MonthlyMetric!F:F) -> 0.81041667
A92: 3534 | B92: Jason Noble | C92: Advanced | D92: Kristin Haase-Alvey | E92: 45510 | F92: 30 | G92: 0.86885246 | H92: 0.1785 | J92: 11 | K92: 8.7272 | L92: 36 | M92: 0.9271 | N92: =AVERAGEIF(MonthlyMetric!A:A,AnnualReview!B92,MonthlyMetric!F:F) -> 0.73958333
A93: 3667 | B93: Jayna Boaz | C93: Advanced | D93: Ela Cross | E93: 45881 | F93: 12 | G93: 0.87681159 | H93: 0.5598 | L93: 8 | M93: 1.6334 | N93: =AVERAGEIF(MonthlyMetric!A:A,AnnualReview!B93,MonthlyMetric!F:F) -> 1.1573667
A94: 3372 | B94: Jennifer Hernandez | C94: Distinguished | D94: Kristin Haase-Alvey | E94: 45267 | F94: 20 | G94: 0.99551066 | H94: 0.2929 | J94: 5 | K94: 9.6 | L94: 27 | M94: 1.0056 | N94: =AVERAGEIF(MonthlyMetric!A:A,AnnualReview!B94,MonthlyMetric!F:F) -> 0.6799
A95: 3583 | B95: Jesse Squires | C95: Advanced | D95: Kristin Haase-Alvey | E95: 45702 | F95: 30 | G95: 0.99465241 | H95: 0.1732 | J95: 5 | K95: 5.8 | L95: 51 | M95: 0.9477 | N95: =AVERAGEIF(MonthlyMetric!A:A,AnnualReview!B95,MonthlyMetric!F:F) -> 0.6572
A96: 2556 | B96: Jessica Menkhus | C96: Premium | D96: Ela Cross | E96: 43917 | F96: 12 | G96: 0.99604743 | H96: 0.2152 | J96: 1 | K96: 10 | L96: 86 | M96: 1.4369 | N96: =AVERAGEIF(MonthlyMetric!A:A,AnnualReview!B96,MonthlyMetric!F:F) -> 0.91690833
A97: 2463 | B97: Jessica Peterson | C97: Premium | D97: Annelies de Groot | E97: 43812 | F97: 12 | G97: 0.98109641 | H97: 0.1405 | J97: 6 | K97: 10 | L97: 78 | M97: 1.2703 | N97: =AVERAGEIF(MonthlyMetric!A:A,AnnualReview!B97,MonthlyMetric!F:F) -> 0.8625
A98: 3503 | B98: Jessica Wall | C98: Advanced | D98: Kristin Haase-Alvey | E98: 45307 | F98: 30 | G98: 0.97928437 | H98: 0.1752 | J98: 7 | K98: 9.7142 | L98: 31 | M98: 0.7571 | N98: =AVERAGEIF(MonthlyMetric!A:A,AnnualReview!B98,MonthlyMetric!F:F) -> 0.81764167
A99: 3694 | B99: Jill Watson | C99: Advanced | D99: Katherine Marino | E99: 45968 | F99: 35 | L99: 8 | M99: 0.093 | N99: =AVERAGEIF(MonthlyMetric!A:A,AnnualReview!B99,MonthlyMetric!F:F) -> 0.08
A100: 3283 | B100: Jimmy Works | C100: Distinguished | D100: Kristin Haase-Alvey | E100: 45217 | F100: 20 | G100: 0.99702823 | H100: 0.2951 | J100: 1 | K100: 10 | L100: 76 | M100: 1.1148 | N100: =AVERAGEIF(MonthlyMetric!A:A,AnnualReview!B100,MonthlyMetric!F:F) -> 0.69645833
A101: 3444 | B101: Joe Rotondo | C101: Advanced | D101: Kristin Haase-Alvey | E101: 45287 | F101: 12 | G101: 0.91273997 | H101: 0.0607 | J101: 3 | K101: 6.6666 | L101: 37 | M101: 1.2524 | N101: =AVERAGEIF(MonthlyMetric!A:A,AnnualReview!B101,MonthlyMetric!F:F) -> 0.87134545
A102: 3211 | B102: Johann Shetti | C102: Advanced | D102: Annelies de Groot | E102: 45201 | F102: 12 | G102: 0.91984733 | H102: 0.3018 | J102: 1 | K102: 10 | L102: 17 | M102: 1.0346 | N102: =AVERAGEIF(MonthlyMetric!A:A,AnnualReview!B102,MonthlyMetric!F:F) -> 0.68010833
A103: 3625 | B103: John Corbett | C103: Advanced | D103: Ian Plamondon | E103: 45775 | F103: 30 | G103: 0.97196262 | H103: 0.3399 | J103: 5 | K103: 10 | L103: 36 | M103: 1.0197 | N103: =AVERAGEIF(MonthlyMetric!A:A,AnnualReview!B103,MonthlyMetric!F:F) -> 0.5970875
A104: 3663 | B104: John Licitra | C104: Advanced | D104: Geoff St. Marie | E104: 45875 | F104: 30 | G104: 1 | H104: 0.2516 | L104: 74 | M104: 1.0916 | N104: =AVERAGEIF(MonthlyMetric!A:A,AnnualReview!B104,MonthlyMetric!F:F) -> 0.80443333
A105: 2834 | B105: John Olmos | C105: Distinguished | D105: Ian Plamondon | E105: 44273 | F105: 30 | G105: 0.99913345 | H105: 0.1832 | J105: 4 | K105: 8.75 | L105: 39 | M105: 1.2856 | N105: =AVERAGEIF(MonthlyMetric!A:A,AnnualReview!B105,MonthlyMetric!F:F) -> 0.853125
A106: 3524 | B106: Jon Cathapermal | C106: Advanced | D106: Geoff St. Marie | E106: 45491 | F106: 35 | G106: 0.98460628 | H106: 0.2144 | J106: 8 | K106: 9.5 | L106: 8 | M106: 1.0654 | N106: =AVERAGEIF(MonthlyMetric!A:A,AnnualReview!B106,MonthlyMetric!F:F) -> 0.98905
A107: 2449 | B107: Jonathan Grams | C107: Premium | D107: Kristin Haase-Alvey | E107: 43777 | F107: 12 | G107: 0.98627002 | H107: 0.1487 | J107: 1 | K107: 10 | L107: 63 | M107: 1.2794 | N107: =AVERAGEIF(MonthlyMetric!A:A,AnnualReview!B107,MonthlyMetric!F:F) -> 0.72389167
A108: 3599 | B108: Jose Falconi | C108: Advanced | D108: Annelies de Groot | E108: 45741 | F108: 35 | G108: 0.98669891 | H108: 0.1499 | J108: 6 | K108: 9.8333 | L108: 55 | M108: 0.9796 | N108: =AVERAGEIF(MonthlyMetric!A:A,AnnualReview!B108,MonthlyMetric!F:F) -> 0.71325556
...

Sheet SubjectAddition
A1: emp_id | B1: tutor_name | C1: category | D1: subject | E1: created | F1: subject_sci
A2: 3583 | B2: Jesse Squires | C2: Computer Science | D2: AP Computer Science A | E2: 45709.542 | F2: 5
A3: 3456 | B3: Clark Howard | C3: International Baccalaureate | D3: IB Spanish | E3: 45629.368 | F3: 5
A4: 3583 | B4: Jesse Squires | C4: Computer Science | D4: AP Computer Science Principles | E4: 45709.542 | F4: 5
A5: 3185 | B5: Rachel Daku | C5: International Baccalaureate | D5: IB Biology | E5: 45631.295 | F5: 5
A6: 3597 | B6: Tom Pluth | C6: Computer Science | D6: AP Computer Science Principles | E6: 45838.374 | F6: 5
A7: 3403 | B7: Luc Freiburg | C7: International Baccalaureate | D7: IB Computer Science | E7: 45635.51 | F7: 5
A8: 3649 | B8: Ryan Cauwenberghs | C8: Language | D8: French (College-Level) | E8: 45853.617 | F8: 5
A9: 3544 | B9: Akeema Williams | C9: Science | D9: AP Chemistry | E9: 45659.351 | F9: 5
A10: 3636 | B10: Greg Carroll | C10: Math | D10: Calculus (College-Level) | E10: 45897.726 | F10: 5
A11: 3196 | B11: Cara Rabaev (McLaughlin) | C11: International Baccalaureate | D11: IB Spanish | E11: 45668.363 | F11: 5
A12: 3670 | B12: Zoe Shanley | C12: Math | D12: Calculus (College-Level) | E12: 45911.378 | F12: 5
A13: 3568 | B13: Zack Anthony | C13: Science | D13: AP Chemistry | E13: 45684.499 | F13: 5
... A1970: 3654 | B1970: Brandon Engle | C1970: Presentation Topic | D1970: ACT 101 | E1970: 45962.25 | F1970: 0
